Country,Region,Colonial_Power,Independence_Year,Official_Language,Language_Group,n_colors,all_colors_hex,all_colors_rgb,all_proportions,cluster
Algeria,North Africa,France,1962.0,Arabic,Arabophone,3,"['#fefefe', '#006632', '#d11033']","[(254, 254, 254), (0, 102, 50), (209, 16, 51)]","[0.4788, 0.4599, 0.0584]",5
Angola,Central Africa,Portugal,1975.0,Portuguese,Lusophone,3,"['#cc092e', '#000000', '#feca00']","[(204, 9, 46), (0, 0, 0), (254, 202, 0)]","[0.4808, 0.4707, 0.0421]",6
Benin,West Africa,France,1960.0,French,Francophone,3,"['#008750', '#fbd115', '#e7112c']","[(0, 135, 80), (251, 209, 21), (231, 17, 44)]","[0.4, 0.2992, 0.2992]",6
Botswana,Southern Africa,United Kingdom,1966.0,English,Anglophone,3,"['#6da9d1', '#000000', '#fefffe']","[(109, 169, 209), (0, 0, 0), (254, 255, 254)]","[0.7494, 0.1628, 0.0775]",2
Burkina Faso,West Africa,France,1960.0,French,Francophone,2,"['#009d49', '#ef2b2c']","[(0, 157, 73), (239, 43, 44)]","[0.4891, 0.4872]",6
Burundi,East Africa,Belgium/Germany,1962.0,Kirundi/French,Francophone,3,"['#43af2a', '#fefeff', '#c7102e']","[(67, 175, 42), (254, 254, 255), (199, 16, 46)]","[0.3434, 0.3407, 0.3074]",5
Cameroon,Central Africa,France/Germany,1960.0,French/English,Francophone,3,"['#fbd015', '#007a5d', '#ce1125']","[(251, 208, 21), (0, 122, 93), (206, 17, 37)]","[0.3457, 0.3328, 0.3171]",6
Cape Verde,West Africa,Portugal,1975.0,Portuguese,Lusophone,3,"['#003892', '#fefeff', '#cf2027']","[(0, 56, 146), (254, 254, 255), (207, 32, 39)]","[0.7398, 0.1556, 0.0821]",5
Central African Republic,Central Africa,France,1960.0,French,Francophone,5,"['#fecd00', '#289628', '#fefefe', '#013082', '#d20f33']","[(254, 205, 0), (40, 150, 40), (254, 254, 254), (1, 48, 130), (210, 15, 51)]","[0.2186, 0.2073, 0.2061, 0.1994, 0.1655]",5
Chad,Central Africa,France,1960.0,French/Arabic,Francophone,3,"['#c60b2f', '#002563', '#fdcb00']","[(198, 11, 47), (0, 37, 99), (253, 203, 0)]","[0.3328, 0.3328, 0.331]",6
Comoros,East Africa,France,1975.0,Arabic/French,Francophone,5,"['#fed000', '#003da5', '#009639', '#fefefe', '#ee333f']","[(254, 208, 0), (0, 61, 165), (0, 150, 57), (254, 254, 254), (238, 51, 63)]","[0.2187, 0.2187, 0.2145, 0.1897, 0.1563]",5
Democratic Republic of the Congo,Central Africa,Belgium,1960.0,French,Francophone,3,"['#007ffe', '#ce1020', '#f6d517']","[(0, 127, 254), (206, 16, 32), (246, 213, 23)]","[0.6681, 0.1986, 0.1256]",3
Republic of the Congo,Central Africa,France,1960.0,French,Francophone,3,"['#dc241e', '#009543', '#fbde4a']","[(220, 36, 30), (0, 149, 67), (251, 222, 74)]","[0.3328, 0.3328, 0.331]",6
Djibouti,East Africa,France,1977.0,French/Arabic,Francophone,3,"['#6ab2e6', '#11ad2b', '#fefefe']","[(106, 178, 230), (17, 173, 43), (254, 254, 254)]","[0.3556, 0.3545, 0.2735]",1
Egypt,North Africa,United Kingdom,1922.0,Arabic,Arabophone,3,"['#cd1125', '#000000', '#feffff']","[(205, 17, 37), (0, 0, 0), (254, 255, 255)]","[0.3333, 0.3333, 0.3077]",5
Equatorial Guinea,Central Africa,Spain,1968.0,Spanish,Hispanophone,4,"['#3d9900', '#e22118', '#fefefe', '#0073cd']","[(61, 153, 0), (226, 33, 24), (254, 254, 254), (0, 115, 205)]","[0.3089, 0.3054, 0.2353, 0.1247]",5
Eritrea,East Africa,Italy,1993.0,Tigrinya,Other,4,"['#e3002b', '#408fdd', '#43af29', '#fec32b']","[(227, 0, 43), (64, 143, 221), (67, 175, 41), (254, 195, 43)]","[0.4383, 0.2491, 0.2491, 0.0529]",6
Eswatini,Southern Africa,United Kingdom,1968.0,English/Swati,Anglophone,5,"['#3e5db7', '#b00b0c', '#fdd600', '#050202', '#fefefe']","[(62, 93, 183), (176, 11, 12), (253, 214, 0), (5, 2, 2), (254, 254, 254)]","[0.3914, 0.331, 0.1334, 0.0712, 0.0626]",5
Ethiopia,East Africa,,,Amharic,Other,4,"['#da121a', '#07892f', '#fbdc09', '#0f47ae']","[(218, 18, 26), (7, 137, 47), (251, 220, 9), (15, 71, 174)]","[0.3, 0.2999, 0.2487, 0.1439]",6
Gabon,Central Africa,France,1960.0,French,Francophone,3,"['#fcd116', '#3974c3', '#009d5f']","[(252, 209, 22), (57, 116, 195), (0, 157, 95)]","[0.3333, 0.3333, 0.3333]",3
Gambia,West Africa,United Kingdom,1965.0,English,Anglophone,4,"['#397627', '#cd1125', '#0b1b8c', '#fffeff']","[(57, 118, 39), (205, 17, 37), (11, 27, 140), (255, 254, 255)]","[0.3333, 0.3333, 0.2196, 0.1085]",5
Ghana,West Africa,United Kingdom,1957.0,English,Anglophone,3,"['#006b3f', '#ce1125', '#fbd015']","[(0, 107, 63), (206, 17, 37), (251, 208, 21)]","[0.3333, 0.3333, 0.3075]",6
Guinea,West Africa,France,1958.0,French,Francophone,3,"['#00945f', '#ce1025', '#fbd015']","[(0, 148, 95), (206, 16, 37), (251, 208, 21)]","[0.3328, 0.3328, 0.331]",6
Guinea-Bissau,West Africa,Portugal,1974.0,Portuguese,Lusophone,3,"['#fbd016', '#009d48', '#cd1025']","[(251, 208, 22), (0, 157, 72), (205, 16, 37)]","[0.3336, 0.3328, 0.3167]",6
Ivory Coast,West Africa,France,1960.0,French,Francophone,3,"['#009d5f', '#f77e00', '#fffefe']","[(0, 157, 95), (247, 126, 0), (255, 254, 254)]","[0.3328, 0.3328, 0.331]",5
Kenya,East Africa,United Kingdom,1963.0,Swahili/English,Anglophone,4,"['#000000', '#ba0000', '#006500', '#fefefe']","[(0, 0, 0), (186, 0, 0), (0, 101, 0), (254, 254, 254)]","[0.303, 0.2957, 0.2889, 0.1039]",5
Lesotho,Southern Africa,United Kingdom,1966.0,English/Sesotho,Anglophone,4,"['#fefefe', '#001488', '#009a43', '#000000']","[(254, 254, 254), (0, 20, 136), (0, 154, 67), (0, 0, 0)]","[0.3658, 0.2997, 0.2997, 0.0323]",1
Liberia,West Africa,United States,1847.0,English,Anglophone,3,"['#be0a30', '#ffffff', '#012868']","[(190, 10, 48), (255, 255, 255), (1, 40, 104)]","[0.4675, 0.4104, 0.0979]",5
Libya,North Africa,Italy,1951.0,Arabic,Arabophone,3,"['#000000', '#239d46', '#e70013']","[(0, 0, 0), (35, 157, 70), (231, 0, 19)]","[0.4838, 0.2491, 0.2483]",6
Madagascar,East Africa,France,1960.0,Malagasy/French,Francophone,3,"['#fefffe', '#fb3c32', '#007d39']","[(254, 255, 254), (251, 60, 50), (0, 125, 57)]","[0.3328, 0.3319, 0.3319]",5
Malawi,Southern Africa,United Kingdom,1964.0,English,Anglophone,3,"['#cd1125', '#339d34', '#000000']","[(205, 17, 37), (51, 157, 52), (0, 0, 0)]","[0.3831, 0.3333, 0.2739]",6
Mali,West Africa,France,1960.0,French,Francophone,3,"['#cd1026', '#13b53a', '#fcd016']","[(205, 16, 38), (19, 181, 58), (252, 208, 22)]","[0.3328, 0.3328, 0.331]",6
Mauritania,West Africa,France,1960.0,Arabic,Arabophone,3,"['#00a85b', '#cf1b1e', '#ffd700']","[(0, 168, 91), (207, 27, 30), (255, 215, 0)]","[0.5433, 0.3979, 0.0508]",6
Mauritius,East Africa,United Kingdom,1968.0,English,Anglophone,4,"['#e92739', '#1a1f6d', '#ffd500', '#00a451']","[(233, 39, 57), (26, 31, 109), (255, 213, 0), (0, 164, 81)]","[0.2506, 0.2481, 0.2481, 0.2481]",6
Morocco,North Africa,France/Spain,1956.0,Arabic,Arabophone,1,['#c0262d'],"[(192, 38, 45)]",[0.9678],4
Mozambique,Southern Africa,Portugal,1975.0,Portuguese,Lusophone,5,"['#fbe000', '#007168', '#000000', '#d11033', '#fefefe']","[(251, 224, 0), (0, 113, 104), (0, 0, 0), (209, 16, 51), (254, 254, 254)]","[0.2865, 0.2696, 0.21, 0.1781, 0.0511]",5
Namibia,Southern Africa,Germany/South Africa,1990.0,English,Anglophone,4,"['#009443', '#00357f', '#d21034', '#fdfdfd']","[(0, 148, 67), (0, 53, 127), (210, 16, 52), (253, 253, 253)]","[0.3202, 0.2902, 0.2767, 0.0812]",5
Niger,West Africa,France,1960.0,French,Francophone,3,"['#e05205', '#0caf2a', '#fefefe']","[(224, 82, 5), (12, 175, 42), (254, 254, 254)]","[0.3854, 0.332, 0.2776]",5
Nigeria,West Africa,United Kingdom,1960.0,English,Anglophone,2,"['#008751', '#ffffff']","[(0, 135, 81), (255, 255, 255)]","[0.6655, 0.331]",1
Rwanda,East Africa,Belgium/Germany,1962.0,Kinyarwanda/French/English,Francophone,3,"['#00a2e0', '#20603c', '#fad200']","[(0, 162, 224), (32, 96, 60), (250, 210, 0)]","[0.4797, 0.2506, 0.2481]",3
Sao Tome and Principe,Central Africa,Portugal,1975.0,Portuguese,Lusophone,4,"['#009638', '#fed000', '#ef333f', '#000000']","[(0, 150, 56), (254, 208, 0), (239, 51, 63), (0, 0, 0)]","[0.5251, 0.3092, 0.1249, 0.0318]",6
Senegal,West Africa,France,1960.0,French,Francophone,3,"['#00853e', '#e21a22', '#fcee41']","[(0, 133, 62), (226, 26, 34), (252, 238, 65)]","[0.3529, 0.3328, 0.3098]",6
Seychelles,East Africa,United Kingdom,1976.0,English/French/Creole,Francophone,5,"['#d22730', '#007a33', '#002f6b', '#fdd040', '#fefefe']","[(210, 39, 48), (0, 122, 51), (0, 47, 107), (253, 208, 64), (254, 254, 254)]","[0.3328, 0.1668, 0.1661, 0.1661, 0.1651]",5
Sierra Leone,West Africa,United Kingdom,1961.0,English,Anglophone,3,"['#fffefe', '#0071c6', '#1eb53a']","[(255, 254, 254), (0, 113, 198), (30, 181, 58)]","[0.3333, 0.3333, 0.3333]",1
Somalia,East Africa,Italy/United Kingdom,1960.0,Somali/Arabic,Arabophone,2,"['#418fde', '#fffffe']","[(65, 143, 222), (255, 255, 254)]","[0.9554, 0.0422]",2
South Africa,Southern Africa,United Kingdom/Netherlands,1910.0,Multiple,Other,6,"['#007749', '#df3c30', '#001489', '#fcfdfd', '#000000', '#fdb71c']","[(0, 119, 73), (223, 60, 48), (0, 20, 137), (252, 253, 253), (0, 0, 0), (253, 183, 28)]","[0.3114, 0.2114, 0.2111, 0.1224, 0.0897, 0.054]",5
South Sudan,East Africa,United Kingdom/Egypt,2011.0,English,Anglophone,5,"['#00904c', '#000000', '#00b5f1', '#e12129', '#fcf8f8']","[(0, 144, 76), (0, 0, 0), (0, 181, 241), (225, 33, 41), (252, 248, 248)]","[0.2586, 0.2583, 0.2009, 0.1898, 0.0768]",5
Sudan,East Africa,United Kingdom/Egypt,1956.0,Arabic/English,Anglophone,4,"['#000000', '#d11033', '#fefefe', '#007128']","[(0, 0, 0), (209, 16, 51), (254, 254, 254), (0, 113, 40)]","[0.2945, 0.2945, 0.239, 0.1661]",5
Tanzania,East Africa,Germany/United Kingdom,1961.0,Swahili/English,Anglophone,4,"['#000000', '#00a3dc', '#1eb539', '#fbd016']","[(0, 0, 0), (0, 163, 220), (30, 181, 57), (251, 208, 22)]","[0.2978, 0.2901, 0.2898, 0.1179]",3
Togo,West Africa,France/Germany,1960.0,French,Francophone,3,"['#00694d', '#fecd00', '#d11034']","[(0, 105, 77), (254, 205, 0), (209, 16, 52)]","[0.4462, 0.3231, 0.1971]",6
Tunisia,North Africa,France,1956.0,Arabic,Arabophone,2,"['#e70013', '#ffffff']","[(231, 0, 19), (255, 255, 255)]","[0.9042, 0.0904]",4
Uganda,East Africa,United Kingdom,1962.0,English/Swahili,Anglophone,4,"['#fcdb03', '#000000', '#d80000', '#fdfdfd']","[(252, 219, 3), (0, 0, 0), (216, 0, 0), (253, 253, 253)]","[0.331, 0.311, 0.31, 0.0386]",6
Zambia,Southern Africa,United Kingdom,1964.0,English,Anglophone,4,"['#198900', '#ed7c00', '#000000', '#dd1f0f']","[(25, 137, 0), (237, 124, 0), (0, 0, 0), (221, 31, 15)]","[0.7451, 0.0929, 0.0764, 0.0764]",6
Zimbabwe,Southern Africa,United Kingdom,1980.0,Multiple,Other,5,"['#006300', '#fed000', '#d30000', '#fefefe', '#030000']","[(0, 99, 0), (254, 208, 0), (211, 0, 0), (254, 254, 254), (3, 0, 0)]","[0.2649, 0.2466, 0.2247, 0.1354, 0.1175]",6
