Country,Region,Colonial_Power,Independence_Year,Official_Language,Language_Group,n_colors,all_colors_hex,all_colors_rgb,all_proportions
Algeria,North Africa,France,1962.0,Arabic,Arabophone,3,"['#fefefe', '#006632', '#d11033']","[(np.int64(254), np.int64(254), np.int64(254)), (np.int64(0), np.int64(102), np.int64(50)), (np.int64(209), np.int64(16), np.int64(51))]","[0.4788, 0.4599, 0.0584]"
Angola,Central Africa,Portugal,1975.0,Portuguese,Lusophone,3,"['#cc092e', '#000000', '#feca00']","[(np.int64(204), np.int64(9), np.int64(46)), (np.int64(0), np.int64(0), np.int64(0)), (np.int64(254), np.int64(202), np.int64(0))]","[0.4808, 0.4707, 0.0421]"
Benin,West Africa,France,1960.0,French,Francophone,3,"['#008750', '#fbd115', '#e7112c']","[(np.int64(0), np.int64(135), np.int64(80)), (np.int64(251), np.int64(209), np.int64(21)), (np.int64(231), np.int64(17), np.int64(44))]","[0.4, 0.2992, 0.2992]"
Botswana,Southern Africa,United Kingdom,1966.0,English,Anglophone,3,"['#6da9d1', '#000000', '#fefffe']","[(np.int64(109), np.int64(169), np.int64(209)), (np.int64(0), np.int64(0), np.int64(0)), (np.int64(254), np.int64(255), np.int64(254))]","[0.7494, 0.1628, 0.0775]"
Burkina Faso,West Africa,France,1960.0,French,Francophone,2,"['#009d49', '#ef2b2c']","[(np.int64(0), np.int64(157), np.int64(73)), (np.int64(239), np.int64(43), np.int64(44))]","[0.4891, 0.4872]"
Burundi,East Africa,Belgium/Germany,1962.0,Kirundi/French,Francophone,3,"['#43af2a', '#fefeff', '#c7102e']","[(np.int64(67), np.int64(175), np.int64(42)), (np.int64(254), np.int64(254), np.int64(255)), (np.int64(199), np.int64(16), np.int64(46))]","[0.3434, 0.3407, 0.3074]"
Cameroon,Central Africa,France/Germany,1960.0,French/English,Francophone,3,"['#fbd015', '#007a5d', '#ce1125']","[(np.int64(251), np.int64(208), np.int64(21)), (np.int64(0), np.int64(122), np.int64(93)), (np.int64(206), np.int64(17), np.int64(37))]","[0.3457, 0.3328, 0.3171]"
Cape Verde,West Africa,Portugal,1975.0,Portuguese,Lusophone,3,"['#003892', '#fefeff', '#cf2027']","[(np.int64(0), np.int64(56), np.int64(146)), (np.int64(254), np.int64(254), np.int64(255)), (np.int64(207), np.int64(32), np.int64(39))]","[0.7398, 0.1556, 0.0821]"
Central African Republic,Central Africa,France,1960.0,French,Francophone,5,"['#fecd00', '#289628', '#fefefe', '#013082', '#d20f33']","[(np.int64(254), np.int64(205), np.int64(0)), (np.int64(40), np.int64(150), np.int64(40)), (np.int64(254), np.int64(254), np.int64(254)), (np.int64(1), np.int64(48), np.int64(130)), (np.int64(210), np.int64(15), np.int64(51))]","[0.2186, 0.2073, 0.2061, 0.1994, 0.1655]"
Chad,Central Africa,France,1960.0,French/Arabic,Francophone,3,"['#c60b2f', '#002563', '#fdcb00']","[(np.int64(198), np.int64(11), np.int64(47)), (np.int64(0), np.int64(37), np.int64(99)), (np.int64(253), np.int64(203), np.int64(0))]","[0.3328, 0.3328, 0.331]"
Comoros,East Africa,France,1975.0,Arabic/French,Francophone,5,"['#fed000', '#003da5', '#009639', '#fefefe', '#ee333f']","[(np.int64(254), np.int64(208), np.int64(0)), (np.int64(0), np.int64(61), np.int64(165)), (np.int64(0), np.int64(150), np.int64(57)), (np.int64(254), np.int64(254), np.int64(254)), (np.int64(238), np.int64(51), np.int64(63))]","[0.2187, 0.2187, 0.2145, 0.1897, 0.1563]"
Democratic Republic of the Congo,Central Africa,Belgium,1960.0,French,Francophone,3,"['#007ffe', '#ce1020', '#f6d517']","[(np.int64(0), np.int64(127), np.int64(254)), (np.int64(206), np.int64(16), np.int64(32)), (np.int64(246), np.int64(213), np.int64(23))]","[0.6681, 0.1986, 0.1256]"
Republic of the Congo,Central Africa,France,1960.0,French,Francophone,3,"['#dc241e', '#009543', '#fbde4a']","[(np.int64(220), np.int64(36), np.int64(30)), (np.int64(0), np.int64(149), np.int64(67)), (np.int64(251), np.int64(222), np.int64(74))]","[0.3328, 0.3328, 0.331]"
Djibouti,East Africa,France,1977.0,French/Arabic,Francophone,3,"['#6ab2e6', '#11ad2b', '#fefefe']","[(np.int64(106), np.int64(178), np.int64(230)), (np.int64(17), np.int64(173), np.int64(43)), (np.int64(254), np.int64(254), np.int64(254))]","[0.3556, 0.3545, 0.2735]"
Egypt,North Africa,United Kingdom,1922.0,Arabic,Arabophone,3,"['#cd1125', '#000000', '#feffff']","[(np.int64(205), np.int64(17), np.int64(37)), (np.int64(0), np.int64(0), np.int64(0)), (np.int64(254), np.int64(255), np.int64(255))]","[0.3333, 0.3333, 0.3077]"
Equatorial Guinea,Central Africa,Spain,1968.0,Spanish,Hispanophone,4,"['#3d9900', '#e22118', '#fefefe', '#0073cd']","[(np.int64(61), np.int64(153), np.int64(0)), (np.int64(226), np.int64(33), np.int64(24)), (np.int64(254), np.int64(254), np.int64(254)), (np.int64(0), np.int64(115), np.int64(205))]","[0.3089, 0.3054, 0.2353, 0.1247]"
Eritrea,East Africa,Italy,1993.0,Tigrinya,Other,4,"['#e3002b', '#408fdd', '#43af29', '#fec32b']","[(np.int64(227), np.int64(0), np.int64(43)), (np.int64(64), np.int64(143), np.int64(221)), (np.int64(67), np.int64(175), np.int64(41)), (np.int64(254), np.int64(195), np.int64(43))]","[0.4383, 0.2491, 0.2491, 0.0529]"
Eswatini,Southern Africa,United Kingdom,1968.0,English/Swati,Anglophone,5,"['#3e5db7', '#b00b0c', '#fdd600', '#050202', '#fefefe']","[(np.int64(62), np.int64(93), np.int64(183)), (np.int64(176), np.int64(11), np.int64(12)), (np.int64(253), np.int64(214), np.int64(0)), (np.int64(5), np.int64(2), np.int64(2)), (np.int64(254), np.int64(254), np.int64(254))]","[0.3914, 0.331, 0.1334, 0.0712, 0.0626]"
Ethiopia,East Africa,,,Amharic,Other,4,"['#da121a', '#07892f', '#fbdc09', '#0f47ae']","[(np.int64(218), np.int64(18), np.int64(26)), (np.int64(7), np.int64(137), np.int64(47)), (np.int64(251), np.int64(220), np.int64(9)), (np.int64(15), np.int64(71), np.int64(174))]","[0.3, 0.2999, 0.2487, 0.1439]"
Gabon,Central Africa,France,1960.0,French,Francophone,3,"['#fcd116', '#3974c3', '#009d5f']","[(np.int64(252), np.int64(209), np.int64(22)), (np.int64(57), np.int64(116), np.int64(195)), (np.int64(0), np.int64(157), np.int64(95))]","[0.3333, 0.3333, 0.3333]"
Gambia,West Africa,United Kingdom,1965.0,English,Anglophone,4,"['#397627', '#cd1125', '#0b1b8c', '#fffeff']","[(np.int64(57), np.int64(118), np.int64(39)), (np.int64(205), np.int64(17), np.int64(37)), (np.int64(11), np.int64(27), np.int64(140)), (np.int64(255), np.int64(254), np.int64(255))]","[0.3333, 0.3333, 0.2196, 0.1085]"
Ghana,West Africa,United Kingdom,1957.0,English,Anglophone,3,"['#006b3f', '#ce1125', '#fbd015']","[(np.int64(0), np.int64(107), np.int64(63)), (np.int64(206), np.int64(17), np.int64(37)), (np.int64(251), np.int64(208), np.int64(21))]","[0.3333, 0.3333, 0.3075]"
Guinea,West Africa,France,1958.0,French,Francophone,3,"['#00945f', '#ce1025', '#fbd015']","[(np.int64(0), np.int64(148), np.int64(95)), (np.int64(206), np.int64(16), np.int64(37)), (np.int64(251), np.int64(208), np.int64(21))]","[0.3328, 0.3328, 0.331]"
Guinea-Bissau,West Africa,Portugal,1974.0,Portuguese,Lusophone,3,"['#fbd016', '#009d48', '#cd1025']","[(np.int64(251), np.int64(208), np.int64(22)), (np.int64(0), np.int64(157), np.int64(72)), (np.int64(205), np.int64(16), np.int64(37))]","[0.3336, 0.3328, 0.3167]"
Ivory Coast,West Africa,France,1960.0,French,Francophone,3,"['#009d5f', '#f77e00', '#fffefe']","[(np.int64(0), np.int64(157), np.int64(95)), (np.int64(247), np.int64(126), np.int64(0)), (np.int64(255), np.int64(254), np.int64(254))]","[0.3328, 0.3328, 0.331]"
Kenya,East Africa,United Kingdom,1963.0,Swahili/English,Anglophone,4,"['#000000', '#ba0000', '#006500', '#fefefe']","[(np.int64(0), np.int64(0), np.int64(0)), (np.int64(186), np.int64(0), np.int64(0)), (np.int64(0), np.int64(101), np.int64(0)), (np.int64(254), np.int64(254), np.int64(254))]","[0.303, 0.2957, 0.2889, 0.1039]"
Lesotho,Southern Africa,United Kingdom,1966.0,English/Sesotho,Anglophone,4,"['#fefefe', '#001488', '#009a43', '#000000']","[(np.int64(254), np.int64(254), np.int64(254)), (np.int64(0), np.int64(20), np.int64(136)), (np.int64(0), np.int64(154), np.int64(67)), (np.int64(0), np.int64(0), np.int64(0))]","[0.3658, 0.2997, 0.2997, 0.0323]"
Liberia,West Africa,United States,1847.0,English,Anglophone,3,"['#be0a30', '#ffffff', '#012868']","[(np.int64(190), np.int64(10), np.int64(48)), (np.int64(255), np.int64(255), np.int64(255)), (np.int64(1), np.int64(40), np.int64(104))]","[0.4675, 0.4104, 0.0979]"
Libya,North Africa,Italy,1951.0,Arabic,Arabophone,3,"['#000000', '#239d46', '#e70013']","[(np.int64(0), np.int64(0), np.int64(0)), (np.int64(35), np.int64(157), np.int64(70)), (np.int64(231), np.int64(0), np.int64(19))]","[0.4838, 0.2491, 0.2483]"
Madagascar,East Africa,France,1960.0,Malagasy/French,Francophone,3,"['#fefffe', '#fb3c32', '#007d39']","[(np.int64(254), np.int64(255), np.int64(254)), (np.int64(251), np.int64(60), np.int64(50)), (np.int64(0), np.int64(125), np.int64(57))]","[0.3328, 0.3319, 0.3319]"
Malawi,Southern Africa,United Kingdom,1964.0,English,Anglophone,3,"['#cd1125', '#339d34', '#000000']","[(np.int64(205), np.int64(17), np.int64(37)), (np.int64(51), np.int64(157), np.int64(52)), (np.int64(0), np.int64(0), np.int64(0))]","[0.3831, 0.3333, 0.2739]"
Mali,West Africa,France,1960.0,French,Francophone,3,"['#cd1026', '#13b53a', '#fcd016']","[(np.int64(205), np.int64(16), np.int64(38)), (np.int64(19), np.int64(181), np.int64(58)), (np.int64(252), np.int64(208), np.int64(22))]","[0.3328, 0.3328, 0.331]"
Mauritania,West Africa,France,1960.0,Arabic,Arabophone,3,"['#00a85b', '#cf1b1e', '#ffd700']","[(np.int64(0), np.int64(168), np.int64(91)), (np.int64(207), np.int64(27), np.int64(30)), (np.int64(255), np.int64(215), np.int64(0))]","[0.5433, 0.3979, 0.0508]"
Mauritius,East Africa,United Kingdom,1968.0,English,Anglophone,4,"['#e92739', '#1a1f6d', '#ffd500', '#00a451']","[(np.int64(233), np.int64(39), np.int64(57)), (np.int64(26), np.int64(31), np.int64(109)), (np.int64(255), np.int64(213), np.int64(0)), (np.int64(0), np.int64(164), np.int64(81))]","[0.2506, 0.2481, 0.2481, 0.2481]"
Morocco,North Africa,France/Spain,1956.0,Arabic,Arabophone,1,['#c0262d'],"[(np.int64(192), np.int64(38), np.int64(45))]",[0.9678]
Mozambique,Southern Africa,Portugal,1975.0,Portuguese,Lusophone,5,"['#fbe000', '#007168', '#000000', '#d11033', '#fefefe']","[(np.int64(251), np.int64(224), np.int64(0)), (np.int64(0), np.int64(113), np.int64(104)), (np.int64(0), np.int64(0), np.int64(0)), (np.int64(209), np.int64(16), np.int64(51)), (np.int64(254), np.int64(254), np.int64(254))]","[0.2865, 0.2696, 0.21, 0.1781, 0.0511]"
Namibia,Southern Africa,Germany/South Africa,1990.0,English,Anglophone,4,"['#009443', '#00357f', '#d21034', '#fdfdfd']","[(np.int64(0), np.int64(148), np.int64(67)), (np.int64(0), np.int64(53), np.int64(127)), (np.int64(210), np.int64(16), np.int64(52)), (np.int64(253), np.int64(253), np.int64(253))]","[0.3202, 0.2902, 0.2767, 0.0812]"
Niger,West Africa,France,1960.0,French,Francophone,3,"['#e05205', '#0caf2a', '#fefefe']","[(np.int64(224), np.int64(82), np.int64(5)), (np.int64(12), np.int64(175), np.int64(42)), (np.int64(254), np.int64(254), np.int64(254))]","[0.3854, 0.332, 0.2776]"
Nigeria,West Africa,United Kingdom,1960.0,English,Anglophone,2,"['#008751', '#ffffff']","[(np.int64(0), np.int64(135), np.int64(81)), (np.int64(255), np.int64(255), np.int64(255))]","[0.6655, 0.331]"
Rwanda,East Africa,Belgium/Germany,1962.0,Kinyarwanda/French/English,Francophone,3,"['#00a2e0', '#20603c', '#fad200']","[(np.int64(0), np.int64(162), np.int64(224)), (np.int64(32), np.int64(96), np.int64(60)), (np.int64(250), np.int64(210), np.int64(0))]","[0.4797, 0.2506, 0.2481]"
Sao Tome and Principe,Central Africa,Portugal,1975.0,Portuguese,Lusophone,4,"['#009638', '#fed000', '#ef333f', '#000000']","[(np.int64(0), np.int64(150), np.int64(56)), (np.int64(254), np.int64(208), np.int64(0)), (np.int64(239), np.int64(51), np.int64(63)), (np.int64(0), np.int64(0), np.int64(0))]","[0.5251, 0.3092, 0.1249, 0.0318]"
Senegal,West Africa,France,1960.0,French,Francophone,3,"['#00853e', '#e21a22', '#fcee41']","[(np.int64(0), np.int64(133), np.int64(62)), (np.int64(226), np.int64(26), np.int64(34)), (np.int64(252), np.int64(238), np.int64(65))]","[0.3529, 0.3328, 0.3098]"
Seychelles,East Africa,United Kingdom,1976.0,English/French/Creole,Francophone,5,"['#d22730', '#007a33', '#002f6b', '#fdd040', '#fefefe']","[(np.int64(210), np.int64(39), np.int64(48)), (np.int64(0), np.int64(122), np.int64(51)), (np.int64(0), np.int64(47), np.int64(107)), (np.int64(253), np.int64(208), np.int64(64)), (np.int64(254), np.int64(254), np.int64(254))]","[0.3328, 0.1668, 0.1661, 0.1661, 0.1651]"
Sierra Leone,West Africa,United Kingdom,1961.0,English,Anglophone,3,"['#fffefe', '#0071c6', '#1eb53a']","[(np.int64(255), np.int64(254), np.int64(254)), (np.int64(0), np.int64(113), np.int64(198)), (np.int64(30), np.int64(181), np.int64(58))]","[0.3333, 0.3333, 0.3333]"
Somalia,East Africa,Italy/United Kingdom,1960.0,Somali/Arabic,Arabophone,2,"['#418fde', '#fffffe']","[(np.int64(65), np.int64(143), np.int64(222)), (np.int64(255), np.int64(255), np.int64(254))]","[0.9554, 0.0422]"
South Africa,Southern Africa,United Kingdom/Netherlands,1910.0,Multiple,Other,6,"['#007749', '#df3c30', '#001489', '#fcfdfd', '#000000', '#fdb71c']","[(np.int64(0), np.int64(119), np.int64(73)), (np.int64(223), np.int64(60), np.int64(48)), (np.int64(0), np.int64(20), np.int64(137)), (np.int64(252), np.int64(253), np.int64(253)), (np.int64(0), np.int64(0), np.int64(0)), (np.int64(253), np.int64(183), np.int64(28))]","[0.3114, 0.2114, 0.2111, 0.1224, 0.0897, 0.054]"
South Sudan,East Africa,United Kingdom/Egypt,2011.0,English,Anglophone,5,"['#00904c', '#000000', '#00b5f1', '#e12129', '#fcf8f8']","[(np.int64(0), np.int64(144), np.int64(76)), (np.int64(0), np.int64(0), np.int64(0)), (np.int64(0), np.int64(181), np.int64(241)), (np.int64(225), np.int64(33), np.int64(41)), (np.int64(252), np.int64(248), np.int64(248))]","[0.2586, 0.2583, 0.2009, 0.1898, 0.0768]"
Sudan,East Africa,United Kingdom/Egypt,1956.0,Arabic/English,Anglophone,4,"['#000000', '#d11033', '#fefefe', '#007128']","[(np.int64(0), np.int64(0), np.int64(0)), (np.int64(209), np.int64(16), np.int64(51)), (np.int64(254), np.int64(254), np.int64(254)), (np.int64(0), np.int64(113), np.int64(40))]","[0.2945, 0.2945, 0.239, 0.1661]"
Tanzania,East Africa,Germany/United Kingdom,1961.0,Swahili/English,Anglophone,4,"['#000000', '#00a3dc', '#1eb539', '#fbd016']","[(np.int64(0), np.int64(0), np.int64(0)), (np.int64(0), np.int64(163), np.int64(220)), (np.int64(30), np.int64(181), np.int64(57)), (np.int64(251), np.int64(208), np.int64(22))]","[0.2978, 0.2901, 0.2898, 0.1179]"
Togo,West Africa,France/Germany,1960.0,French,Francophone,3,"['#00694d', '#fecd00', '#d11034']","[(np.int64(0), np.int64(105), np.int64(77)), (np.int64(254), np.int64(205), np.int64(0)), (np.int64(209), np.int64(16), np.int64(52))]","[0.4462, 0.3231, 0.1971]"
Tunisia,North Africa,France,1956.0,Arabic,Arabophone,2,"['#e70013', '#ffffff']","[(np.int64(231), np.int64(0), np.int64(19)), (np.int64(255), np.int64(255), np.int64(255))]","[0.9042, 0.0904]"
Uganda,East Africa,United Kingdom,1962.0,English/Swahili,Anglophone,4,"['#fcdb03', '#000000', '#d80000', '#fdfdfd']","[(np.int64(252), np.int64(219), np.int64(3)), (np.int64(0), np.int64(0), np.int64(0)), (np.int64(216), np.int64(0), np.int64(0)), (np.int64(253), np.int64(253), np.int64(253))]","[0.331, 0.311, 0.31, 0.0386]"
Zambia,Southern Africa,United Kingdom,1964.0,English,Anglophone,4,"['#198900', '#ed7c00', '#000000', '#dd1f0f']","[(np.int64(25), np.int64(137), np.int64(0)), (np.int64(237), np.int64(124), np.int64(0)), (np.int64(0), np.int64(0), np.int64(0)), (np.int64(221), np.int64(31), np.int64(15))]","[0.7451, 0.0929, 0.0764, 0.0764]"
Zimbabwe,Southern Africa,United Kingdom,1980.0,Multiple,Other,5,"['#006300', '#fed000', '#d30000', '#fefefe', '#030000']","[(np.int64(0), np.int64(99), np.int64(0)), (np.int64(254), np.int64(208), np.int64(0)), (np.int64(211), np.int64(0), np.int64(0)), (np.int64(254), np.int64(254), np.int64(254)), (np.int64(3), np.int64(0), np.int64(0))]","[0.2649, 0.2466, 0.2247, 0.1354, 0.1175]"
