Country,Region,Colonial_Power,Independence_Year,Official_Language,Language_Group,Bordering_Countries,Number_Borders,Latitude,Longitude,Hemisphere_North_South,Hemisphere_East_West,Flag_Adoption_Year,Flag_Adoption_Decade,Years_After_Independence,Economic_Blocs,Number_Blocs,In_ECOWAS,In_SADC,In_EAC,In_ECCAS,In_AMU,In_IGAD,In_COMESA,Has_Horizontal_Stripes,Has_Vertical_Stripes,Has_Diagonal_Stripes,Number_Stripe_Types,Has_Star,Has_Crescent,Has_Circle,Has_Animal,Has_Weapon,Has_Plant,Has_Text,Colonization_Status,Colonial_Powers_List,Number_Colonial_Powers,Primary_Colonial_Power,Number_Colors,All_Colors_Hex,All_Colors_RGB,All_Proportions
Algeria,North Africa,France,1962.0,Arabic,Arabophone,"['Tunisia', 'Libya', 'Niger', 'Mali', 'Mauritania', 'Morocco']",6,28.0339,1.6596,Northern,Eastern,1962,1960,0.0,"['AMU', 'AU']",2,False,False,False,False,True,False,False,False,True,False,1,True,True,False,False,False,False,False,Colonized,['France'],1,France,3,"['#fefefe', '#006632', '#d11033']","[(254, 254, 254), (0, 102, 50), (209, 16, 51)]","[0.47882027978258934, 0.459899313908937, 0.058406843090082865]"
Angola,Central Africa,Portugal,1975.0,Portuguese,Lusophone,"['Namibia', 'Zambia', 'Democratic Republic of the Congo', 'Republic of the Congo']",4,-11.2027,17.8739,Southern,Eastern,1975,1970,0.0,"['SADC', 'ECCAS', 'AU']",3,False,True,False,True,False,False,False,True,False,True,2,True,False,False,False,True,False,False,Colonized,['Portugal'],1,Portugal,3,"['#cc092e', '#000000', '#feca00']","[(204, 9, 46), (0, 0, 0), (254, 202, 0)]","[0.4807716296890315, 0.47071638599305, 0.042078766818141315]"
Benin,West Africa,France,1960.0,French,Francophone,"['Togo', 'Nigeria', 'Niger', 'Burkina Faso']",4,9.3077,2.3158,Northern,Eastern,1990,1990,30.0,"['ECOWAS', 'AU']",2,True,False,False,False,False,False,False,True,True,False,2,False,False,False,False,False,False,False,Colonized,['France'],1,France,3,"['#008750', '#e7112c', '#fbd115']","[(0, 135, 80), (231, 17, 44), (251, 209, 21)]","[0.4, 0.2992248062015504, 0.2992248062015504]"
Botswana,Southern Africa,United Kingdom,1966.0,English,Anglophone,"['South Africa', 'Namibia', 'Zimbabwe', 'Zambia']",4,-22.3285,24.6849,Southern,Eastern,1966,1960,0.0,"['SADC', 'AU']",2,False,True,False,False,False,False,False,True,False,False,1,False,False,False,False,False,False,False,Colonized,['United Kingdom'],1,United Kingdom,3,"['#6da9d1', '#000000', '#fefffe']","[(109, 169, 209), (0, 0, 0), (254, 255, 254)]","[0.7493540051679587, 0.16279069767441862, 0.07751937984496124]"
Burkina Faso,West Africa,France,1960.0,French,Francophone,"['Mali', 'Niger', 'Benin', 'Togo', 'Ghana', 'Ivory Coast']",6,12.2383,-1.5616,Northern,Western,1984,1980,24.0,"['ECOWAS', 'AU']",2,True,False,False,False,False,False,False,True,False,False,1,True,False,False,False,False,False,False,Colonized,['France'],1,France,3,"['#009d49', '#ef2b2c', '#fbd016']","[(0, 157, 73), (239, 43, 44), (251, 208, 22)]","[0.48906709435979684, 0.4872315780094449, 0.020230776084825805]"
Burundi,East Africa,Belgium/Germany,1962.0,Kirundi/French,Francophone,"['Rwanda', 'Democratic Republic of the Congo', 'Tanzania']",3,-3.3731,29.9189,Southern,Eastern,1967,1960,5.0,"['EAC', 'ECCAS', 'AU']",3,False,False,True,True,False,False,False,False,False,True,1,True,False,True,False,False,False,False,Colonized,"['Belgium', 'Germany']",2,Belgium,3,"['#43af2a', '#fefeff', '#c7102e']","[(67, 175, 42), (254, 254, 255), (199, 16, 46)]","[0.34341062227506935, 0.3406559651208878, 0.307367221561633]"
Cameroon,Central Africa,France/Germany,1960.0,French/English,Francophone,"['Nigeria', 'Chad', 'Central African Republic', 'Republic of the Congo', 'Gabon', 'Equatorial Guinea']",6,7.3697,12.3547,Northern,Eastern,1975,1970,15.0,"['ECCAS', 'AU']",2,False,False,False,True,False,False,False,False,True,False,1,True,False,False,False,False,False,False,Colonized,"['France', 'Germany']",2,France,3,"['#fbd015', '#007a5d', '#ce1125']","[(251, 208, 21), (0, 122, 93), (206, 17, 37)]","[0.34566960705693667, 0.33275862068965517, 0.31713445602780005]"
Cape Verde,West Africa,Portugal,1975.0,Portuguese,Lusophone,[],0,16.5388,-23.0418,Northern,Western,1992,1990,17.0,"['ECOWAS', 'AU']",2,True,False,False,False,False,False,False,True,False,False,1,True,False,True,False,False,False,False,Colonized,['Portugal'],1,Portugal,4,"['#003892', '#fefeff', '#cf2027', '#f3ce1a']","[(0, 56, 146), (254, 254, 255), (207, 32, 39), (243, 206, 26)]","[0.7397664071190211, 0.15563757710587522, 0.08211143695014662, 0.011892001213469512]"
Central African Republic,Central Africa,France,1960.0,French,Francophone,"['Chad', 'Sudan', 'South Sudan', 'Democratic Republic of the Congo', 'Republic of the Congo', 'Cameroon']",6,6.6111,20.9394,Northern,Eastern,1958,1950,-2.0,"['ECCAS', 'AU']",2,False,False,False,True,False,False,False,True,True,False,2,True,False,False,False,False,False,False,Colonized,['France'],1,France,5,"['#fecd00', '#289628', '#fefefe', '#013082', '#d20f33']","[(254, 205, 0), (40, 150, 40), (254, 254, 254), (1, 48, 130), (210, 15, 51)]","[0.21863138198342688, 0.20729305889690813, 0.2061480887463245, 0.19940746680923105, 0.16551724137931034]"
Chad,Central Africa,France,1960.0,French/Arabic,Francophone,"['Libya', 'Sudan', 'Central African Republic', 'Cameroon', 'Nigeria', 'Niger']",6,15.4542,18.7322,Northern,Eastern,1959,1950,-1.0,"['ECCAS', 'AU']",2,False,False,False,True,False,False,False,False,True,False,1,False,False,False,False,False,False,False,Colonized,['France'],1,France,3,"['#002563', '#c60b2f', '#fdcb00']","[(0, 37, 99), (198, 11, 47), (253, 203, 0)]","[0.33275862068965517, 0.33275862068965517, 0.3310344827586207]"
Comoros,East Africa,France,1975.0,Comorian/Arabic/French,Francophone,[],0,-11.6455,43.3333,Southern,Eastern,2002,2000,27.0,['AU'],1,False,False,False,False,False,False,False,True,False,False,1,True,True,False,False,False,False,False,Colonized,['France'],1,France,5,"['#fed000', '#003da5', '#009639', '#fefefe', '#ee333f']","[(254, 208, 0), (0, 61, 165), (0, 150, 57), (254, 254, 254), (238, 51, 63)]","[0.21874256837098693, 0.21867816091954023, 0.21451149425287355, 0.18971462544589773, 0.15632183908045977]"
Democratic Republic of the Congo,Central Africa,Belgium,1960.0,French,Francophone,"['Central African Republic', 'South Sudan', 'Uganda', 'Rwanda', 'Burundi', 'Tanzania', 'Zambia', 'Angola', 'Republic of the Congo']",9,-4.0383,21.7587,Southern,Eastern,2006,2000,46.0,"['SADC', 'ECCAS', 'AU']",3,False,True,False,True,False,False,False,False,False,True,1,True,False,False,False,False,False,False,Colonized,['Belgium'],1,Belgium,3,"['#007ffe', '#ce1020', '#f6d517']","[(0, 127, 254), (206, 16, 32), (246, 213, 23)]","[0.6681411018628617, 0.198636543797067, 0.12563218390804598]"
Republic of the Congo,Central Africa,France,1960.0,French,Francophone,"['Gabon', 'Cameroon', 'Central African Republic', 'Democratic Republic of the Congo', 'Angola']",5,-0.228,15.8277,Southern,Eastern,1991,1990,31.0,"['ECCAS', 'AU']",2,False,False,False,True,False,False,False,False,False,True,1,True,False,False,False,False,False,False,Colonized,['France'],1,France,3,"['#009543', '#dc241e', '#fbde4a']","[(0, 149, 67), (220, 36, 30), (251, 222, 74)]","[0.33275862068965517, 0.33275862068965517, 0.3310344827586207]"
Djibouti,East Africa,France,1977.0,French/Arabic,Francophone,"['Eritrea', 'Ethiopia', 'Somalia']",3,11.8251,42.5903,Northern,Eastern,1977,1970,0.0,"['IGAD', 'AU']",2,False,False,False,False,False,True,False,True,False,False,1,True,False,False,False,False,False,False,Colonized,['France'],1,France,4,"['#6ab2e6', '#11ad2b', '#fefefe', '#d7151b']","[(106, 178, 230), (17, 173, 43), (254, 254, 254), (215, 21, 27)]","[0.35556446582910095, 0.3544774124565624, 0.273483025928896, 0.014176245210727969]"
Egypt,North Africa,United Kingdom/Egypt,1922.0,Arabic,Arabophone,"['Libya', 'Sudan']",2,26.8206,30.8025,Northern,Eastern,1984,1980,62.0,"['AMU', 'COMESA', 'AU']",3,False,False,False,False,True,False,True,True,False,False,1,False,True,False,True,False,False,False,Colonized,"['United Kingdom', 'Egypt']",2,United Kingdom,4,"['#cd1125', '#000000', '#feffff', '#c19403']","[(205, 17, 37), (0, 0, 0), (254, 255, 255), (193, 148, 3)]","[0.3333333333333333, 0.3333333333333333, 0.30772966230063264, 0.012425376459057292]"
Equatorial Guinea,Central Africa,Spain,1968.0,Spanish/French/Portuguese,Francophone,"['Cameroon', 'Gabon']",2,1.6508,10.2679,Northern,Eastern,1979,1970,11.0,"['ECCAS', 'AU']",2,False,False,False,True,False,False,False,True,False,False,1,False,False,False,False,False,True,True,Colonized,['Spain'],1,Spain,5,"['#3d9900', '#e22118', '#fefefe', '#0073cd', '#d5d6d6']","[(61, 153, 0), (226, 33, 24), (254, 254, 254), (0, 115, 205), (213, 214, 214)]","[0.30886126704089817, 0.305386260358193, 0.23528022810300275, 0.12473491936202441, 0.018323977546110665]"
Eritrea,East Africa,Italy,1993.0,Tigrinya/Arabic/English,Anglophone,"['Sudan', 'Ethiopia', 'Djibouti']",3,15.1794,39.7823,Northern,Eastern,1993,1990,0.0,"['IGAD', 'AU']",2,False,False,False,False,False,True,False,False,False,True,1,False,False,False,False,False,True,False,Colonized,['Italy'],1,Italy,4,"['#e3002b', '#43af29', '#408fdd', '#fec32b']","[(227, 0, 43), (67, 175, 41), (64, 143, 221), (254, 195, 43)]","[0.4383472057074911, 0.24913793103448276, 0.24913793103448276, 0.05291914387633769]"
Eswatini,Southern Africa,United Kingdom,1968.0,English/Swati,Anglophone,"['South Africa', 'Mozambique']",2,-26.5225,31.4659,Southern,Eastern,1968,1960,0.0,"['SADC', 'AU']",2,False,True,False,False,False,False,False,True,False,False,1,False,False,False,False,True,False,False,Colonized,['United Kingdom'],1,United Kingdom,6,"['#3e5db7', '#b00b0c', '#fdd600', '#050202', '#fefefe', '#999569']","[(62, 93, 183), (176, 11, 12), (253, 214, 0), (5, 2, 2), (254, 254, 254), (153, 149, 105)]","[0.3913614897977368, 0.3310032968012118, 0.13337788470106032, 0.07120645103804686, 0.06260358192996525, 0.010447295731978971]"
Ethiopia,East Africa,Never colonized,,Amharic,Other,"['Eritrea', 'Djibouti', 'Somalia', 'Kenya', 'South Sudan', 'Sudan']",6,9.145,40.4897,Northern,Eastern,1996,1990,,"['IGAD', 'COMESA', 'AU']",3,False,False,False,False,False,True,True,True,False,False,1,True,False,True,False,False,False,False,Never Colonized,[],0,,4,"['#da121a', '#07892f', '#fbdc09', '#0f47ae']","[(218, 18, 26), (7, 137, 47), (251, 220, 9), (15, 71, 174)]","[0.3000178359096314, 0.29992271105826396, 0.24870986920332938, 0.14385850178359097]"
Gabon,Central Africa,France,1960.0,French,Francophone,"['Equatorial Guinea', 'Cameroon', 'Republic of the Congo']",3,-0.8037,11.6094,Southern,Eastern,1960,1960,0.0,"['ECCAS', 'AU']",2,False,False,False,True,False,False,False,True,False,False,1,False,False,False,False,False,False,False,Colonized,['France'],1,France,3,"['#009d5f', '#3974c3', '#fcd116']","[(0, 157, 95), (57, 116, 195), (252, 209, 22)]","[0.3333333333333333, 0.3333333333333333, 0.3333333333333333]"
Gambia,West Africa,United Kingdom,1965.0,English,Anglophone,['Senegal'],1,13.4432,-15.3101,Northern,Western,1965,1960,0.0,"['ECOWAS', 'AU']",2,True,False,False,False,False,False,False,True,False,False,1,False,False,False,False,False,False,False,Colonized,['United Kingdom'],1,United Kingdom,4,"['#cd1125', '#397627', '#0b1b8c', '#fffeff']","[(205, 17, 37), (57, 118, 39), (11, 27, 140), (255, 254, 255)]","[0.3333333333333333, 0.3333333333333333, 0.21963824289405684, 0.10852713178294573]"
Ghana,West Africa,United Kingdom,1957.0,English,Anglophone,"['Ivory Coast', 'Burkina Faso', 'Togo']",3,7.9465,-1.0232,Northern,Western,1957,1950,0.0,"['ECOWAS', 'AU']",2,True,False,False,False,False,False,False,True,False,False,1,True,False,False,False,False,False,False,Colonized,['United Kingdom'],1,United Kingdom,4,"['#ce1125', '#006b3f', '#fbd015', '#000000']","[(206, 17, 37), (0, 107, 63), (251, 208, 21), (0, 0, 0)]","[0.3333333333333333, 0.3333333333333333, 0.3075113605987704, 0.02449879711307137]"
Guinea,West Africa,France,1958.0,French,Francophone,"['Guinea-Bissau', 'Senegal', 'Mali', 'Ivory Coast', 'Liberia', 'Sierra Leone']",6,9.9456,-9.6966,Northern,Western,1958,1950,0.0,"['ECOWAS', 'AU']",2,True,False,False,False,False,False,False,False,True,False,1,False,False,False,False,False,False,False,Colonized,['France'],1,France,3,"['#ce1025', '#00945f', '#fbd015']","[(206, 16, 37), (0, 148, 95), (251, 208, 21)]","[0.33275862068965517, 0.33275862068965517, 0.3310344827586207]"
Guinea-Bissau,West Africa,Portugal,1974.0,Portuguese,Lusophone,"['Senegal', 'Guinea']",2,11.8037,-15.1804,Northern,Western,1973,1970,-1.0,"['ECOWAS', 'AU']",2,True,False,False,False,False,False,False,False,True,False,1,True,False,False,False,False,False,False,Colonized,['Portugal'],1,Portugal,4,"['#fbd016', '#009d48', '#cd1025', '#020000']","[(251, 208, 22), (0, 157, 72), (205, 16, 37), (2, 0, 0)]","[0.3336206896551724, 0.33275862068965517, 0.3167241379310345, 0.015368608799048751]"
Ivory Coast,West Africa,France,1960.0,French,Francophone,"['Liberia', 'Guinea', 'Mali', 'Burkina Faso', 'Ghana']",5,7.54,-5.5471,Northern,Western,1960,1960,0.0,"['ECOWAS', 'AU']",2,True,False,False,False,False,False,False,False,True,False,1,False,False,False,False,False,False,False,Colonized,['France'],1,France,3,"['#f77e00', '#009d5f', '#fffefe']","[(247, 126, 0), (0, 157, 95), (255, 254, 254)]","[0.33275862068965517, 0.33275862068965517, 0.3310344827586207]"
Kenya,East Africa,United Kingdom,1963.0,English/Swahili,Anglophone,"['Ethiopia', 'South Sudan', 'Uganda', 'Tanzania', 'Somalia']",5,-0.0236,37.9062,Southern,Eastern,1963,1960,0.0,"['EAC', 'IGAD', 'COMESA', 'AU']",4,False,False,True,False,False,True,True,True,False,False,1,False,False,False,False,True,False,False,Colonized,['United Kingdom'],1,United Kingdom,4,"['#000000', '#ba0000', '#006500', '#fefefe']","[(0, 0, 0), (186, 0, 0), (0, 101, 0), (254, 254, 254)]","[0.3029582108170721, 0.2957097032878909, 0.288946805666934, 0.10385814844515727]"
Lesotho,Southern Africa,United Kingdom,1966.0,English/Sesotho,Anglophone,['South Africa'],1,-29.61,28.2336,Southern,Eastern,2006,2000,40.0,"['SADC', 'AU']",2,False,True,False,False,False,False,False,True,False,True,2,False,False,False,False,False,False,False,Colonized,['United Kingdom'],1,United Kingdom,4,"['#fefefe', '#009a43', '#001488', '#000000']","[(254, 254, 254), (0, 154, 67), (0, 20, 136), (0, 0, 0)]","[0.36580237013276307, 0.2997416020671835, 0.2997416020671835, 0.03228637619174909]"
Liberia,West Africa,United States,1847.0,English,Anglophone,"['Sierra Leone', 'Guinea', 'Ivory Coast']",3,6.4281,-9.4295,Northern,Western,1847,1840,0.0,"['ECOWAS', 'AU']",2,True,False,False,False,False,False,False,True,False,False,1,True,False,False,False,False,False,False,Independent Settlement,['United States'],1,United States,4,"['#be0a30', '#ffffff', '#012868', '#cf4863']","[(190, 10, 48), (255, 255, 255), (1, 40, 104), (207, 72, 99)]","[0.4675014132278123, 0.41044657998869416, 0.09789146410401357, 0.011543244771057094]"
Libya,North Africa,Italy,1951.0,Arabic,Arabophone,"['Tunisia', 'Algeria', 'Niger', 'Chad', 'Sudan', 'Egypt']",6,26.3351,17.2283,Northern,Eastern,2011,2010,60.0,"['AMU', 'AU']",2,False,False,False,False,True,False,False,True,False,False,1,True,True,False,False,False,False,False,Colonized,['Italy'],1,Italy,4,"['#000000', '#239d46', '#e70013', '#fbfbfb']","[(0, 0, 0), (35, 157, 70), (231, 0, 19), (251, 251, 251)]","[0.4838406658739596, 0.24909036860879905, 0.2482758620689655, 0.011028537455410227]"
Madagascar,East Africa,France,1960.0,Malagasy/French,Francophone,[],0,-18.7669,46.8691,Southern,Eastern,1958,1950,-2.0,"['SADC', 'COMESA', 'AU']",3,False,True,False,False,False,False,True,True,True,False,2,False,False,False,False,False,False,False,Colonized,['France'],1,France,3,"['#fefffe', '#007d39', '#fb3c32']","[(254, 255, 254), (0, 125, 57), (251, 60, 50)]","[0.33275862068965517, 0.33189877929252426, 0.33189877929252426]"
Malawi,Southern Africa,United Kingdom,1964.0,English,Anglophone,"['Tanzania', 'Mozambique', 'Zambia']",3,-13.2543,34.3015,Southern,Eastern,2010,2010,46.0,"['SADC', 'COMESA', 'AU']",3,False,True,False,False,False,False,True,True,False,False,1,False,False,True,False,False,False,False,Colonized,['United Kingdom'],1,United Kingdom,3,"['#cd1125', '#339d34', '#000000']","[(205, 17, 37), (51, 157, 52), (0, 0, 0)]","[0.3831239419050165, 0.3333333333333333, 0.2739107190590751]"
Mali,West Africa,France,1960.0,French,Francophone,"['Algeria', 'Niger', 'Burkina Faso', 'Ivory Coast', 'Guinea', 'Senegal', 'Mauritania']",7,17.5707,-3.9962,Northern,Western,1961,1960,1.0,"['ECOWAS', 'AU']",2,True,False,False,False,False,False,False,False,True,False,1,False,False,False,False,False,False,False,Colonized,['France'],1,France,3,"['#13b53a', '#cd1026', '#fcd016']","[(19, 181, 58), (205, 16, 38), (252, 208, 22)]","[0.33275862068965517, 0.33275862068965517, 0.3310344827586207]"
Mauritania,West Africa,France,1960.0,Arabic,Arabophone,"['Morocco', 'Algeria', 'Mali', 'Senegal']",4,21.0079,-10.9408,Northern,Western,2017,2010,57.0,"['AMU', 'AU']",2,False,False,False,False,True,False,False,False,False,False,0,True,True,False,False,False,False,False,Colonized,['France'],1,France,3,"['#00a85b', '#cf1b1e', '#ffd700']","[(0, 168, 91), (207, 27, 30), (255, 215, 0)]","[0.5433306602512697, 0.3979328165374677, 0.05075737325135882]"
Mauritius,East Africa,United Kingdom,1968.0,English/French,Francophone,[],0,-20.3484,57.5522,Southern,Eastern,1968,1960,0.0,"['SADC', 'COMESA', 'AU']",3,False,True,False,False,False,False,True,True,False,False,1,True,False,False,False,False,False,False,Colonized,['United Kingdom'],1,United Kingdom,4,"['#e92739', '#00a451', '#ffd500', '#1a1f6d']","[(233, 39, 57), (0, 164, 81), (255, 213, 0), (26, 31, 109)]","[0.25064599483204136, 0.24806201550387597, 0.24806201550387597, 0.24806201550387597]"
Morocco,North Africa,France/Spain,1956.0,Arabic,Arabophone,"['Algeria', 'Mauritania']",2,31.7917,-7.0926,Northern,Western,1915,1910,-41.0,"['AMU', 'AU']",2,False,False,False,False,True,False,False,False,False,False,0,True,False,False,False,False,False,False,Colonized,"['France', 'Spain']",2,France,2,"['#c0262d', '#006132']","[(192, 38, 45), (0, 97, 50)]","[0.967816091954023, 0.02760848258041522]"
Mozambique,Southern Africa,Portugal,1975.0,Portuguese,Lusophone,"['Tanzania', 'Malawi', 'Zambia', 'Zimbabwe', 'South Africa', 'Eswatini']",6,-18.6657,35.5296,Southern,Eastern,1983,1980,8.0,"['SADC', 'AU']",2,False,True,False,False,False,False,False,False,False,True,1,True,False,False,False,True,True,False,Colonized,['Portugal'],1,Portugal,5,"['#fbe000', '#007168', '#000000', '#d11033', '#fefefe']","[(251, 224, 0), (0, 113, 104), (0, 0, 0), (209, 16, 51), (254, 254, 254)]","[0.2864697496213134, 0.26962487748373876, 0.2099661409605275, 0.1781074578989575, 0.05107814309899314]"
Namibia,Southern Africa,Germany/South Africa,1990.0,English,Anglophone,"['Angola', 'Zambia', 'Botswana', 'South Africa']",4,-22.9576,18.4904,Southern,Eastern,1990,1990,0.0,"['SADC', 'AU']",2,False,True,False,False,False,False,False,False,False,True,1,False,False,True,False,False,False,False,Colonized,"['Germany', 'South Africa']",2,Germany,5,"['#009443', '#00357f', '#d21034', '#fdfdfd', '#fbcc01']","[(0, 148, 67), (0, 53, 127), (210, 16, 52), (253, 253, 253), (251, 204, 1)]","[0.3201773144435534, 0.2901942439632897, 0.27665508331105765, 0.08119932281921055, 0.027661944221687607]"
Niger,West Africa,France,1960.0,French,Francophone,"['Libya', 'Chad', 'Nigeria', 'Benin', 'Burkina Faso', 'Mali', 'Algeria']",7,17.6078,8.0817,Northern,Eastern,1959,1950,-1.0,"['ECOWAS', 'AU']",2,True,False,False,False,False,False,False,True,False,False,1,False,False,True,False,False,False,False,Colonized,['France'],1,France,3,"['#e05205', '#0caf2a', '#fefefe']","[(224, 82, 5), (12, 175, 42), (254, 254, 254)]","[0.38536390758343164, 0.3319919517102616, 0.27763130507181016]"
Nigeria,West Africa,United Kingdom,1960.0,English,Anglophone,"['Benin', 'Niger', 'Chad', 'Cameroon']",4,9.082,8.6753,Northern,Eastern,1960,1960,0.0,"['ECOWAS', 'AU']",2,True,False,False,False,False,False,False,False,True,False,1,False,False,False,False,False,False,False,Colonized,['United Kingdom'],1,United Kingdom,2,"['#008751', '#ffffff']","[(0, 135, 81), (255, 255, 255)]","[0.6655172413793103, 0.3310344827586207]"
Rwanda,East Africa,Belgium/Germany,1962.0,Kinyarwanda/French/English,Francophone,"['Uganda', 'Tanzania', 'Burundi', 'Democratic Republic of the Congo']",4,-1.9403,29.8739,Southern,Eastern,2001,2000,39.0,"['EAC', 'ECCAS', 'COMESA', 'AU']",4,False,False,True,True,False,False,True,True,False,False,1,False,False,True,False,False,False,False,Colonized,"['Belgium', 'Germany']",2,Belgium,4,"['#00a2e0', '#20603c', '#fad200', '#dcbc0a']","[(0, 162, 224), (32, 96, 60), (250, 210, 0), (220, 188, 10)]","[0.4796578454958567, 0.25064599483204136, 0.24806201550387597, 0.014439098280317206]"
Sao Tome and Principe,Central Africa,Portugal,1975.0,Portuguese,Lusophone,[],0,0.1864,6.6131,Northern,Eastern,1975,1970,0.0,"['ECCAS', 'AU']",2,False,False,False,True,False,False,False,True,True,False,2,True,False,False,False,False,False,False,Colonized,['Portugal'],1,Portugal,4,"['#009638', '#fed000', '#ef333f', '#000000']","[(0, 150, 56), (254, 208, 0), (239, 51, 63), (0, 0, 0)]","[0.5250535077288941, 0.30922711058263974, 0.12487514863258026, 0.03175980975029726]"
Senegal,West Africa,France,1960.0,French,Francophone,"['Mauritania', 'Mali', 'Guinea', 'Guinea-Bissau', 'Gambia']",5,14.4974,-14.4524,Northern,Western,1960,1960,0.0,"['ECOWAS', 'AU']",2,True,False,False,False,False,False,False,False,True,False,1,True,False,False,False,False,False,False,Colonized,['France'],1,France,3,"['#00853e', '#e21a22', '#fcee41']","[(0, 133, 62), (226, 26, 34), (252, 238, 65)]","[0.3528735632183908, 0.33275862068965517, 0.30977902521607414]"
Seychelles,East Africa,United Kingdom,1976.0,English/French/Seychellois Creole,Francophone,[],0,-4.6796,55.492,Southern,Eastern,1996,1990,20.0,"['SADC', 'COMESA', 'AU']",3,False,True,False,False,False,False,True,False,False,True,1,False,False,False,False,False,False,False,Colonized,['United Kingdom'],1,United Kingdom,5,"['#d22730', '#007a33', '#fdd040', '#002f6b', '#fefefe']","[(210, 39, 48), (0, 122, 51), (253, 208, 64), (0, 47, 107), (254, 254, 254)]","[0.33275862068965517, 0.1667538644470868, 0.16609393579072532, 0.16609393579072532, 0.16505350772889418]"
Sierra Leone,West Africa,United Kingdom,1961.0,English,Anglophone,"['Guinea', 'Liberia']",2,8.4606,-11.7799,Northern,Western,1961,1960,0.0,"['ECOWAS', 'AU']",2,True,False,False,False,False,False,False,True,False,False,1,False,False,False,False,False,False,False,Colonized,['United Kingdom'],1,United Kingdom,3,"['#1eb53a', '#0071c6', '#fffefe']","[(30, 181, 58), (0, 113, 198), (255, 254, 254)]","[0.3333333333333333, 0.3333333333333333, 0.3333333333333333]"
Somalia,East Africa,Italy/United Kingdom,1960.0,Somali/Arabic,Arabophone,"['Djibouti', 'Ethiopia', 'Kenya']",3,5.1521,46.1996,Northern,Eastern,1954,1950,-6.0,"['IGAD', 'AU']",2,False,False,False,False,False,True,False,False,False,False,0,True,False,False,False,False,False,False,Colonized,"['Italy', 'United Kingdom']",2,Italy,2,"['#418fde', '#fffffe']","[(65, 143, 222), (255, 255, 254)]","[0.9553773500846476, 0.042176779827140694]"
South Africa,Southern Africa,United Kingdom/Netherlands,1910.0,Afrikaans/English/9 others,Anglophone,"['Namibia', 'Botswana', 'Zimbabwe', 'Mozambique', 'Eswatini', 'Lesotho']",6,-30.5595,22.9375,Southern,Eastern,1994,1990,84.0,"['SADC', 'AU']",2,False,True,False,False,False,False,False,True,True,True,3,False,False,False,False,False,False,False,Colonized,"['United Kingdom', 'Netherlands']",2,United Kingdom,6,"['#007749', '#df3c30', '#001489', '#fcfdfd', '#000000', '#fdb71c']","[(0, 119, 73), (223, 60, 48), (0, 20, 137), (252, 253, 253), (0, 0, 0), (253, 183, 28)]","[0.31142297068520003, 0.21143633609551812, 0.21106210460661143, 0.12237369687249398, 0.0896596275505658, 0.05404526418961062]"
South Sudan,East Africa,United Kingdom/Egypt,2011.0,English,Anglophone,"['Sudan', 'Ethiopia', 'Kenya', 'Uganda', 'Democratic Republic of the Congo', 'Central African Republic']",6,6.877,31.307,Northern,Eastern,2011,2010,0.0,"['EAC', 'IGAD', 'AU']",3,False,False,True,False,False,True,False,True,False,True,2,True,False,False,False,False,False,False,Colonized,"['United Kingdom', 'Egypt']",2,United Kingdom,6,"['#00904c', '#000000', '#00b5f1', '#e12129', '#fcf8f8', '#fbe41c']","[(0, 144, 76), (0, 0, 0), (0, 181, 241), (225, 33, 41), (252, 248, 248), (251, 228, 28)]","[0.2586087990487515, 0.2582936979785969, 0.20087395957193818, 0.18981569560047562, 0.07678359096313912, 0.015624256837098692]"
Sudan,North Africa,United Kingdom/Egypt,1956.0,Arabic/English,Anglophone,"['Egypt', 'Libya', 'Chad', 'Central African Republic', 'South Sudan', 'Ethiopia', 'Eritrea']",7,12.8628,30.2176,Northern,Eastern,1970,1970,14.0,"['IGAD', 'COMESA', 'AU']",3,False,False,False,False,False,True,True,True,False,False,1,False,False,False,False,False,False,False,Colonized,"['United Kingdom', 'Egypt']",2,United Kingdom,4,"['#d11033', '#000000', '#fefefe', '#007128']","[(209, 16, 51), (0, 0, 0), (254, 254, 254), (0, 113, 40)]","[0.29450653983353153, 0.29450653983353153, 0.2389536266349584, 0.16609988109393578]"
Tanzania,East Africa,Germany/United Kingdom,1961.0,Swahili/English,Anglophone,"['Kenya', 'Uganda', 'Rwanda', 'Burundi', 'Democratic Republic of the Congo', 'Zambia', 'Malawi', 'Mozambique']",8,-6.369,34.8888,Southern,Eastern,1964,1960,3.0,"['EAC', 'SADC', 'AU']",3,False,True,True,False,False,False,False,False,False,True,1,False,False,False,False,False,False,False,Colonized,"['Germany', 'United Kingdom']",2,Germany,4,"['#000000', '#00a3dc', '#1eb539', '#fbd016']","[(0, 0, 0), (0, 163, 220), (30, 181, 57), (251, 208, 22)]","[0.29784371380201374, 0.2901051412278357, 0.28983337788470104, 0.11786064332174997]"
Togo,West Africa,France/Germany,1960.0,French,Francophone,"['Ghana', 'Burkina Faso', 'Benin']",3,8.6195,0.8248,Northern,Eastern,1960,1960,0.0,"['ECOWAS', 'AU']",2,True,False,False,False,False,False,False,True,False,False,1,True,False,False,False,False,False,False,Colonized,"['France', 'Germany']",2,France,4,"['#00694d', '#fecd00', '#d11034', '#fefefe']","[(0, 105, 77), (254, 205, 0), (209, 16, 52), (254, 254, 254)]","[0.4461808900019264, 0.32313138123675594, 0.19714891157773068, 0.02432094008861491]"
Tunisia,North Africa,France,1956.0,Arabic,Arabophone,"['Algeria', 'Libya']",2,33.8869,9.5375,Northern,Eastern,1999,1990,43.0,"['AMU', 'AU']",2,False,False,False,False,True,False,False,False,False,False,0,True,True,True,False,False,False,False,Colonized,['France'],1,France,2,"['#e70013', '#ffffff']","[(231, 0, 19), (255, 255, 255)]","[0.9042056491134278, 0.09036353916065223]"
Uganda,East Africa,United Kingdom,1962.0,English/Swahili,Anglophone,"['South Sudan', 'Kenya', 'Tanzania', 'Rwanda', 'Democratic Republic of the Congo']",5,1.3733,32.2903,Northern,Eastern,1962,1960,0.0,"['EAC', 'IGAD', 'COMESA', 'AU']",4,False,False,True,False,False,True,True,True,False,False,1,False,False,True,True,False,False,False,Colonized,['United Kingdom'],1,United Kingdom,4,"['#fcdb03', '#000000', '#d80000', '#fdfdfd']","[(252, 219, 3), (0, 0, 0), (216, 0, 0), (253, 253, 253)]","[0.3310255724850753, 0.31100864296533903, 0.3100418782856634, 0.03855029849416377]"
Zambia,Southern Africa,United Kingdom,1964.0,English,Anglophone,"['Democratic Republic of the Congo', 'Tanzania', 'Malawi', 'Mozambique', 'Zimbabwe', 'Botswana', 'Namibia', 'Angola']",8,-13.1339,27.8493,Southern,Eastern,1964,1960,0.0,"['SADC', 'COMESA', 'AU']",3,False,True,False,False,False,False,True,False,False,False,0,False,False,False,True,False,False,False,Colonized,['United Kingdom'],1,United Kingdom,4,"['#198900', '#ed7c00', '#000000', '#dd1f0f']","[(25, 137, 0), (237, 124, 0), (0, 0, 0), (221, 31, 15)]","[0.7451127149603493, 0.09294306335204491, 0.0764367816091954, 0.07635658914728682]"
Zimbabwe,Southern Africa,United Kingdom,1980.0,English/Shona/Ndebele,Anglophone,"['Zambia', 'Mozambique', 'South Africa', 'Botswana']",4,-19.0154,29.1549,Southern,Eastern,1980,1980,0.0,"['SADC', 'COMESA', 'AU']",3,False,True,False,False,False,False,True,True,True,True,3,True,False,False,True,False,False,False,Colonized,['United Kingdom'],1,United Kingdom,6,"['#006300', '#fed000', '#d30000', '#fefefe', '#030000', '#8e8e18']","[(0, 99, 0), (254, 208, 0), (211, 0, 0), (254, 254, 254), (3, 0, 0), (142, 142, 24)]","[0.2648513674197384, 0.24661117717003567, 0.22472651605231866, 0.13544589774078478, 0.11751486325802615, 0.010850178359096314]"
