Country,Region,Colonial_Power,Independence_Year,Official_Language,Language_Group,Bordering_Countries,Number_Borders,Latitude,Longitude,Hemisphere_North_South,Hemisphere_East_West,Flag_Adoption_Year,Flag_Adoption_Decade,Years_After_Independence,Economic_Blocs,Number_Blocs,In_ECOWAS,In_SADC,In_EAC,In_ECCAS,In_AMU,In_IGAD,In_COMESA,Has_Horizontal_Stripes,Has_Vertical_Stripes,Has_Diagonal_Stripes,Number_Stripe_Types,Has_Star,Has_Crescent,Has_Circle,Has_Animal,Has_Weapon,Has_Plant,Has_Text,Colonization_Status,Colonial_Powers_List,Number_Colonial_Powers,Primary_Colonial_Power
Algeria,North Africa,France,1962.0,Arabic,Arabophone,"['Tunisia', 'Libya', 'Niger', 'Mali', 'Mauritania', 'Morocco']",6,28.0339,1.6596,Northern,Eastern,1962,1960,0.0,"['AMU', 'AU']",2,False,False,False,False,True,False,False,False,True,False,1,True,True,False,False,False,False,False,Colonized,['France'],1,France
Angola,Central Africa,Portugal,1975.0,Portuguese,Lusophone,"['Namibia', 'Zambia', 'Democratic Republic of the Congo', 'Republic of the Congo']",4,-11.2027,17.8739,Southern,Eastern,1975,1970,0.0,"['SADC', 'ECCAS', 'AU']",3,False,True,False,True,False,False,False,True,False,True,2,True,False,False,False,True,False,False,Colonized,['Portugal'],1,Portugal
Benin,West Africa,France,1960.0,French,Francophone,"['Togo', 'Nigeria', 'Niger', 'Burkina Faso']",4,9.3077,2.3158,Northern,Eastern,1990,1990,30.0,"['ECOWAS', 'AU']",2,True,False,False,False,False,False,False,True,True,False,2,False,False,False,False,False,False,False,Colonized,['France'],1,France
Botswana,Southern Africa,United Kingdom,1966.0,English,Anglophone,"['South Africa', 'Namibia', 'Zimbabwe', 'Zambia']",4,-22.3285,24.6849,Southern,Eastern,1966,1960,0.0,"['SADC', 'AU']",2,False,True,False,False,False,False,False,True,False,False,1,False,False,False,False,False,False,False,Colonized,['United Kingdom'],1,United Kingdom
Burkina Faso,West Africa,France,1960.0,French,Francophone,"['Mali', 'Niger', 'Benin', 'Togo', 'Ghana', 'Ivory Coast']",6,12.2383,-1.5616,Northern,Western,1984,1980,24.0,"['ECOWAS', 'AU']",2,True,False,False,False,False,False,False,True,False,False,1,True,False,False,False,False,False,False,Colonized,['France'],1,France
Burundi,East Africa,Belgium/Germany,1962.0,Kirundi/French,Francophone,"['Rwanda', 'Democratic Republic of the Congo', 'Tanzania']",3,-3.3731,29.9189,Southern,Eastern,1967,1960,5.0,"['EAC', 'ECCAS', 'AU']",3,False,False,True,True,False,False,False,False,False,True,1,True,False,True,False,False,False,False,Colonized,"['Belgium', 'Germany']",2,Belgium
Cameroon,Central Africa,France/Germany,1960.0,French/English,Francophone,"['Nigeria', 'Chad', 'Central African Republic', 'Republic of the Congo', 'Gabon', 'Equatorial Guinea']",6,7.3697,12.3547,Northern,Eastern,1975,1970,15.0,"['ECCAS', 'AU']",2,False,False,False,True,False,False,False,False,True,False,1,True,False,False,False,False,False,False,Colonized,"['France', 'Germany']",2,France
Cape Verde,West Africa,Portugal,1975.0,Portuguese,Lusophone,[],0,16.5388,-23.0418,Northern,Western,1992,1990,17.0,"['ECOWAS', 'AU']",2,True,False,False,False,False,False,False,True,False,False,1,True,False,True,False,False,False,False,Colonized,['Portugal'],1,Portugal
Central African Republic,Central Africa,France,1960.0,French,Francophone,"['Chad', 'Sudan', 'South Sudan', 'Democratic Republic of the Congo', 'Republic of the Congo', 'Cameroon']",6,6.6111,20.9394,Northern,Eastern,1958,1950,-2.0,"['ECCAS', 'AU']",2,False,False,False,True,False,False,False,True,True,False,2,True,False,False,False,False,False,False,Colonized,['France'],1,France
Chad,Central Africa,France,1960.0,French/Arabic,Francophone,"['Libya', 'Sudan', 'Central African Republic', 'Cameroon', 'Nigeria', 'Niger']",6,15.4542,18.7322,Northern,Eastern,1959,1950,-1.0,"['ECCAS', 'AU']",2,False,False,False,True,False,False,False,False,True,False,1,False,False,False,False,False,False,False,Colonized,['France'],1,France
Comoros,East Africa,France,1975.0,Comorian/Arabic/French,Francophone,[],0,-11.6455,43.3333,Southern,Eastern,2002,2000,27.0,['AU'],1,False,False,False,False,False,False,False,True,False,False,1,True,True,False,False,False,False,False,Colonized,['France'],1,France
Democratic Republic of the Congo,Central Africa,Belgium,1960.0,French,Francophone,"['Central African Republic', 'South Sudan', 'Uganda', 'Rwanda', 'Burundi', 'Tanzania', 'Zambia', 'Angola', 'Republic of the Congo']",9,-4.0383,21.7587,Southern,Eastern,2006,2000,46.0,"['SADC', 'ECCAS', 'AU']",3,False,True,False,True,False,False,False,False,False,True,1,True,False,False,False,False,False,False,Colonized,['Belgium'],1,Belgium
Republic of the Congo,Central Africa,France,1960.0,French,Francophone,"['Gabon', 'Cameroon', 'Central African Republic', 'Democratic Republic of the Congo', 'Angola']",5,-0.228,15.8277,Southern,Eastern,1991,1990,31.0,"['ECCAS', 'AU']",2,False,False,False,True,False,False,False,False,False,True,1,True,False,False,False,False,False,False,Colonized,['France'],1,France
Djibouti,East Africa,France,1977.0,French/Arabic,Francophone,"['Eritrea', 'Ethiopia', 'Somalia']",3,11.8251,42.5903,Northern,Eastern,1977,1970,0.0,"['IGAD', 'AU']",2,False,False,False,False,False,True,False,True,False,False,1,True,False,False,False,False,False,False,Colonized,['France'],1,France
Egypt,North Africa,United Kingdom/Egypt,1922.0,Arabic,Arabophone,"['Libya', 'Sudan']",2,26.8206,30.8025,Northern,Eastern,1984,1980,62.0,"['AMU', 'COMESA', 'AU']",3,False,False,False,False,True,False,True,True,False,False,1,False,True,False,True,False,False,False,Colonized,"['United Kingdom', 'Egypt']",2,United Kingdom
Equatorial Guinea,Central Africa,Spain,1968.0,Spanish/French/Portuguese,Francophone,"['Cameroon', 'Gabon']",2,1.6508,10.2679,Northern,Eastern,1979,1970,11.0,"['ECCAS', 'AU']",2,False,False,False,True,False,False,False,True,False,False,1,False,False,False,False,False,True,True,Colonized,['Spain'],1,Spain
Eritrea,East Africa,Italy,1993.0,Tigrinya/Arabic/English,Anglophone,"['Sudan', 'Ethiopia', 'Djibouti']",3,15.1794,39.7823,Northern,Eastern,1993,1990,0.0,"['IGAD', 'AU']",2,False,False,False,False,False,True,False,False,False,True,1,False,False,False,False,False,True,False,Colonized,['Italy'],1,Italy
Eswatini,Southern Africa,United Kingdom,1968.0,English/Swati,Anglophone,"['South Africa', 'Mozambique']",2,-26.5225,31.4659,Southern,Eastern,1968,1960,0.0,"['SADC', 'AU']",2,False,True,False,False,False,False,False,True,False,False,1,False,False,False,False,True,False,False,Colonized,['United Kingdom'],1,United Kingdom
Ethiopia,East Africa,Never colonized,,Amharic,Other,"['Eritrea', 'Djibouti', 'Somalia', 'Kenya', 'South Sudan', 'Sudan']",6,9.145,40.4897,Northern,Eastern,1996,1990,,"['IGAD', 'COMESA', 'AU']",3,False,False,False,False,False,True,True,True,False,False,1,True,False,True,False,False,False,False,Never Colonized,[],0,None
Gabon,Central Africa,France,1960.0,French,Francophone,"['Equatorial Guinea', 'Cameroon', 'Republic of the Congo']",3,-0.8037,11.6094,Southern,Eastern,1960,1960,0.0,"['ECCAS', 'AU']",2,False,False,False,True,False,False,False,True,False,False,1,False,False,False,False,False,False,False,Colonized,['France'],1,France
Gambia,West Africa,United Kingdom,1965.0,English,Anglophone,['Senegal'],1,13.4432,-15.3101,Northern,Western,1965,1960,0.0,"['ECOWAS', 'AU']",2,True,False,False,False,False,False,False,True,False,False,1,False,False,False,False,False,False,False,Colonized,['United Kingdom'],1,United Kingdom
Ghana,West Africa,United Kingdom,1957.0,English,Anglophone,"['Ivory Coast', 'Burkina Faso', 'Togo']",3,7.9465,-1.0232,Northern,Western,1957,1950,0.0,"['ECOWAS', 'AU']",2,True,False,False,False,False,False,False,True,False,False,1,True,False,False,False,False,False,False,Colonized,['United Kingdom'],1,United Kingdom
Guinea,West Africa,France,1958.0,French,Francophone,"['Guinea-Bissau', 'Senegal', 'Mali', 'Ivory Coast', 'Liberia', 'Sierra Leone']",6,9.9456,-9.6966,Northern,Western,1958,1950,0.0,"['ECOWAS', 'AU']",2,True,False,False,False,False,False,False,False,True,False,1,False,False,False,False,False,False,False,Colonized,['France'],1,France
Guinea-Bissau,West Africa,Portugal,1974.0,Portuguese,Lusophone,"['Senegal', 'Guinea']",2,11.8037,-15.1804,Northern,Western,1973,1970,-1.0,"['ECOWAS', 'AU']",2,True,False,False,False,False,False,False,False,True,False,1,True,False,False,False,False,False,False,Colonized,['Portugal'],1,Portugal
Ivory Coast,West Africa,France,1960.0,French,Francophone,"['Liberia', 'Guinea', 'Mali', 'Burkina Faso', 'Ghana']",5,7.54,-5.5471,Northern,Western,1960,1960,0.0,"['ECOWAS', 'AU']",2,True,False,False,False,False,False,False,False,True,False,1,False,False,False,False,False,False,False,Colonized,['France'],1,France
Kenya,East Africa,United Kingdom,1963.0,English/Swahili,Anglophone,"['Ethiopia', 'South Sudan', 'Uganda', 'Tanzania', 'Somalia']",5,-0.0236,37.9062,Southern,Eastern,1963,1960,0.0,"['EAC', 'IGAD', 'COMESA', 'AU']",4,False,False,True,False,False,True,True,True,False,False,1,False,False,False,False,True,False,False,Colonized,['United Kingdom'],1,United Kingdom
Lesotho,Southern Africa,United Kingdom,1966.0,English/Sesotho,Anglophone,['South Africa'],1,-29.61,28.2336,Southern,Eastern,2006,2000,40.0,"['SADC', 'AU']",2,False,True,False,False,False,False,False,True,False,True,2,False,False,False,False,False,False,False,Colonized,['United Kingdom'],1,United Kingdom
Liberia,West Africa,United States,1847.0,English,Anglophone,"['Sierra Leone', 'Guinea', 'Ivory Coast']",3,6.4281,-9.4295,Northern,Western,1847,1840,0.0,"['ECOWAS', 'AU']",2,True,False,False,False,False,False,False,True,False,False,1,True,False,False,False,False,False,False,Independent Settlement,['United States'],1,United States
Libya,North Africa,Italy,1951.0,Arabic,Arabophone,"['Tunisia', 'Algeria', 'Niger', 'Chad', 'Sudan', 'Egypt']",6,26.3351,17.2283,Northern,Eastern,2011,2010,60.0,"['AMU', 'AU']",2,False,False,False,False,True,False,False,True,False,False,1,True,True,False,False,False,False,False,Colonized,['Italy'],1,Italy
Madagascar,East Africa,France,1960.0,Malagasy/French,Francophone,[],0,-18.7669,46.8691,Southern,Eastern,1958,1950,-2.0,"['SADC', 'COMESA', 'AU']",3,False,True,False,False,False,False,True,True,True,False,2,False,False,False,False,False,False,False,Colonized,['France'],1,France
Malawi,Southern Africa,United Kingdom,1964.0,English,Anglophone,"['Tanzania', 'Mozambique', 'Zambia']",3,-13.2543,34.3015,Southern,Eastern,2010,2010,46.0,"['SADC', 'COMESA', 'AU']",3,False,True,False,False,False,False,True,True,False,False,1,False,False,True,False,False,False,False,Colonized,['United Kingdom'],1,United Kingdom
Mali,West Africa,France,1960.0,French,Francophone,"['Algeria', 'Niger', 'Burkina Faso', 'Ivory Coast', 'Guinea', 'Senegal', 'Mauritania']",7,17.5707,-3.9962,Northern,Western,1961,1960,1.0,"['ECOWAS', 'AU']",2,True,False,False,False,False,False,False,False,True,False,1,False,False,False,False,False,False,False,Colonized,['France'],1,France
Mauritania,West Africa,France,1960.0,Arabic,Arabophone,"['Morocco', 'Algeria', 'Mali', 'Senegal']",4,21.0079,-10.9408,Northern,Western,2017,2010,57.0,"['AMU', 'AU']",2,False,False,False,False,True,False,False,False,False,False,0,True,True,False,False,False,False,False,Colonized,['France'],1,France
Mauritius,East Africa,United Kingdom,1968.0,English/French,Francophone,[],0,-20.3484,57.5522,Southern,Eastern,1968,1960,0.0,"['SADC', 'COMESA', 'AU']",3,False,True,False,False,False,False,True,True,False,False,1,True,False,False,False,False,False,False,Colonized,['United Kingdom'],1,United Kingdom
Morocco,North Africa,France/Spain,1956.0,Arabic,Arabophone,"['Algeria', 'Mauritania']",2,31.7917,-7.0926,Northern,Western,1915,1910,-41.0,"['AMU', 'AU']",2,False,False,False,False,True,False,False,False,False,False,0,True,False,False,False,False,False,False,Colonized,"['France', 'Spain']",2,France
Mozambique,Southern Africa,Portugal,1975.0,Portuguese,Lusophone,"['Tanzania', 'Malawi', 'Zambia', 'Zimbabwe', 'South Africa', 'Eswatini']",6,-18.6657,35.5296,Southern,Eastern,1983,1980,8.0,"['SADC', 'AU']",2,False,True,False,False,False,False,False,False,False,True,1,True,False,False,False,True,True,False,Colonized,['Portugal'],1,Portugal
Namibia,Southern Africa,Germany/South Africa,1990.0,English,Anglophone,"['Angola', 'Zambia', 'Botswana', 'South Africa']",4,-22.9576,18.4904,Southern,Eastern,1990,1990,0.0,"['SADC', 'AU']",2,False,True,False,False,False,False,False,False,False,True,1,False,False,True,False,False,False,False,Colonized,"['Germany', 'South Africa']",2,Germany
Niger,West Africa,France,1960.0,French,Francophone,"['Libya', 'Chad', 'Nigeria', 'Benin', 'Burkina Faso', 'Mali', 'Algeria']",7,17.6078,8.0817,Northern,Eastern,1959,1950,-1.0,"['ECOWAS', 'AU']",2,True,False,False,False,False,False,False,True,False,False,1,False,False,True,False,False,False,False,Colonized,['France'],1,France
Nigeria,West Africa,United Kingdom,1960.0,English,Anglophone,"['Benin', 'Niger', 'Chad', 'Cameroon']",4,9.082,8.6753,Northern,Eastern,1960,1960,0.0,"['ECOWAS', 'AU']",2,True,False,False,False,False,False,False,False,True,False,1,False,False,False,False,False,False,False,Colonized,['United Kingdom'],1,United Kingdom
Rwanda,East Africa,Belgium/Germany,1962.0,Kinyarwanda/French/English,Francophone,"['Uganda', 'Tanzania', 'Burundi', 'Democratic Republic of the Congo']",4,-1.9403,29.8739,Southern,Eastern,2001,2000,39.0,"['EAC', 'ECCAS', 'COMESA', 'AU']",4,False,False,True,True,False,False,True,True,False,False,1,False,False,True,False,False,False,False,Colonized,"['Belgium', 'Germany']",2,Belgium
Sao Tome and Principe,Central Africa,Portugal,1975.0,Portuguese,Lusophone,[],0,0.1864,6.6131,Northern,Eastern,1975,1970,0.0,"['ECCAS', 'AU']",2,False,False,False,True,False,False,False,True,True,False,2,True,False,False,False,False,False,False,Colonized,['Portugal'],1,Portugal
Senegal,West Africa,France,1960.0,French,Francophone,"['Mauritania', 'Mali', 'Guinea', 'Guinea-Bissau', 'Gambia']",5,14.4974,-14.4524,Northern,Western,1960,1960,0.0,"['ECOWAS', 'AU']",2,True,False,False,False,False,False,False,False,True,False,1,True,False,False,False,False,False,False,Colonized,['France'],1,France
Seychelles,East Africa,United Kingdom,1976.0,English/French/Seychellois Creole,Francophone,[],0,-4.6796,55.492,Southern,Eastern,1996,1990,20.0,"['SADC', 'COMESA', 'AU']",3,False,True,False,False,False,False,True,False,False,True,1,False,False,False,False,False,False,False,Colonized,['United Kingdom'],1,United Kingdom
Sierra Leone,West Africa,United Kingdom,1961.0,English,Anglophone,"['Guinea', 'Liberia']",2,8.4606,-11.7799,Northern,Western,1961,1960,0.0,"['ECOWAS', 'AU']",2,True,False,False,False,False,False,False,True,False,False,1,False,False,False,False,False,False,False,Colonized,['United Kingdom'],1,United Kingdom
Somalia,East Africa,Italy/United Kingdom,1960.0,Somali/Arabic,Arabophone,"['Djibouti', 'Ethiopia', 'Kenya']",3,5.1521,46.1996,Northern,Eastern,1954,1950,-6.0,"['IGAD', 'AU']",2,False,False,False,False,False,True,False,False,False,False,0,True,False,False,False,False,False,False,Colonized,"['Italy', 'United Kingdom']",2,Italy
South Africa,Southern Africa,United Kingdom/Netherlands,1910.0,Afrikaans/English/9 others,Anglophone,"['Namibia', 'Botswana', 'Zimbabwe', 'Mozambique', 'Eswatini', 'Lesotho']",6,-30.5595,22.9375,Southern,Eastern,1994,1990,84.0,"['SADC', 'AU']",2,False,True,False,False,False,False,False,True,True,True,3,False,False,False,False,False,False,False,Colonized,"['United Kingdom', 'Netherlands']",2,United Kingdom
South Sudan,East Africa,United Kingdom/Egypt,2011.0,English,Anglophone,"['Sudan', 'Ethiopia', 'Kenya', 'Uganda', 'Democratic Republic of the Congo', 'Central African Republic']",6,6.877,31.307,Northern,Eastern,2011,2010,0.0,"['EAC', 'IGAD', 'AU']",3,False,False,True,False,False,True,False,True,False,True,2,True,False,False,False,False,False,False,Colonized,"['United Kingdom', 'Egypt']",2,United Kingdom
Sudan,North Africa,United Kingdom/Egypt,1956.0,Arabic/English,Anglophone,"['Egypt', 'Libya', 'Chad', 'Central African Republic', 'South Sudan', 'Ethiopia', 'Eritrea']",7,12.8628,30.2176,Northern,Eastern,1970,1970,14.0,"['IGAD', 'COMESA', 'AU']",3,False,False,False,False,False,True,True,True,False,False,1,False,False,False,False,False,False,False,Colonized,"['United Kingdom', 'Egypt']",2,United Kingdom
Tanzania,East Africa,Germany/United Kingdom,1961.0,Swahili/English,Anglophone,"['Kenya', 'Uganda', 'Rwanda', 'Burundi', 'Democratic Republic of the Congo', 'Zambia', 'Malawi', 'Mozambique']",8,-6.369,34.8888,Southern,Eastern,1964,1960,3.0,"['EAC', 'SADC', 'AU']",3,False,True,True,False,False,False,False,False,False,True,1,False,False,False,False,False,False,False,Colonized,"['Germany', 'United Kingdom']",2,Germany
Togo,West Africa,France/Germany,1960.0,French,Francophone,"['Ghana', 'Burkina Faso', 'Benin']",3,8.6195,0.8248,Northern,Eastern,1960,1960,0.0,"['ECOWAS', 'AU']",2,True,False,False,False,False,False,False,True,False,False,1,True,False,False,False,False,False,False,Colonized,"['France', 'Germany']",2,France
Tunisia,North Africa,France,1956.0,Arabic,Arabophone,"['Algeria', 'Libya']",2,33.8869,9.5375,Northern,Eastern,1999,1990,43.0,"['AMU', 'AU']",2,False,False,False,False,True,False,False,False,False,False,0,True,True,True,False,False,False,False,Colonized,['France'],1,France
Uganda,East Africa,United Kingdom,1962.0,English/Swahili,Anglophone,"['South Sudan', 'Kenya', 'Tanzania', 'Rwanda', 'Democratic Republic of the Congo']",5,1.3733,32.2903,Northern,Eastern,1962,1960,0.0,"['EAC', 'IGAD', 'COMESA', 'AU']",4,False,False,True,False,False,True,True,True,False,False,1,False,False,True,True,False,False,False,Colonized,['United Kingdom'],1,United Kingdom
Zambia,Southern Africa,United Kingdom,1964.0,English,Anglophone,"['Democratic Republic of the Congo', 'Tanzania', 'Malawi', 'Mozambique', 'Zimbabwe', 'Botswana', 'Namibia', 'Angola']",8,-13.1339,27.8493,Southern,Eastern,1964,1960,0.0,"['SADC', 'COMESA', 'AU']",3,False,True,False,False,False,False,True,False,False,False,0,False,False,False,True,False,False,False,Colonized,['United Kingdom'],1,United Kingdom
Zimbabwe,Southern Africa,United Kingdom,1980.0,English/Shona/Ndebele,Anglophone,"['Zambia', 'Mozambique', 'South Africa', 'Botswana']",4,-19.0154,29.1549,Southern,Eastern,1980,1980,0.0,"['SADC', 'COMESA', 'AU']",3,False,True,False,False,False,False,True,True,True,True,3,True,False,False,True,False,False,False,Colonized,['United Kingdom'],1,United Kingdom
