Country,Region,Colonial_Power,Independence_Year,Official_Language,Language_Group,Color_1_RGB,Color_1_HEX,Color_1_Proportion,Color_2_RGB,Color_2_HEX,Color_2_Proportion,Color_3_RGB,Color_3_HEX,Color_3_Proportion
Algeria,North Africa,France,1962.0,Arabic,Arabophone,"(np.int64(254), np.int64(254), np.int64(254))",#fefefe,0.4794,"(np.int64(0), np.int64(101), np.int64(50))",#006532,0.4606,"(np.int64(209), np.int64(17), np.int64(53))",#d11135,0.06
Angola,Central Africa,Portugal,1975.0,Portuguese,Lusophone,"(np.int64(203), np.int64(9), np.int64(46))",#cb092e,0.4826,"(np.int64(0), np.int64(0), np.int64(0))",#000000,0.4741,"(np.int64(253), np.int64(200), np.int64(0))",#fdc800,0.0433
Benin,West Africa,France,1960.0,French,Francophone,"(np.int64(0), np.int64(135), np.int64(80))",#008750,0.4,"(np.int64(232), np.int64(17), np.int64(44))",#e8112c,0.3008,"(np.int64(251), np.int64(209), np.int64(21))",#fbd115,0.2992
Botswana,Southern Africa,United Kingdom,1966.0,English,Anglophone,"(np.int64(109), np.int64(169), np.int64(209))",#6da9d1,0.7494,"(np.int64(1), np.int64(1), np.int64(1))",#010101,0.168,"(np.int64(253), np.int64(254), np.int64(254))",#fdfefe,0.0827
Burkina Faso,West Africa,France,1960.0,French,Francophone,"(np.int64(238), np.int64(43), np.int64(45))",#ee2b2d,0.4895,"(np.int64(0), np.int64(158), np.int64(72))",#009e48,0.4893,"(np.int64(250), np.int64(206), np.int64(22))",#face16,0.0212
Burundi,East Africa,Belgium/Germany,1962.0,Kirundi/French,Francophone,"(np.int64(254), np.int64(254), np.int64(253))",#fefefd,0.3468,"(np.int64(67), np.int64(176), np.int64(42))",#43b02a,0.3447,"(np.int64(200), np.int64(16), np.int64(46))",#c8102e,0.3085
Cameroon,Central Africa,France/Germany,1960.0,French/English,Francophone,"(np.int64(251), np.int64(208), np.int64(22))",#fbd016,0.3462,"(np.int64(0), np.int64(122), np.int64(93))",#007a5d,0.3328,"(np.int64(205), np.int64(17), np.int64(38))",#cd1126,0.321
Cape Verde,West Africa,Portugal,1975.0,Portuguese,Lusophone,"(np.int64(0), np.int64(56), np.int64(146))",#003892,0.7398,"(np.int64(251), np.int64(251), np.int64(251))",#fbfbfb,0.1654,"(np.int64(210), np.int64(54), np.int64(37))",#d23625,0.0949
Central African Republic,Central Africa,France,1960.0,French,Francophone,"(np.int64(21), np.int64(100), np.int64(84))",#156454,0.4067,"(np.int64(235), np.int64(123), np.int64(22))",#eb7b16,0.3841,"(np.int64(253), np.int64(254), np.int64(253))",#fdfefd,0.2092
Chad,Central Africa,France,1960.0,French/Arabic,Francophone,"(np.int64(253), np.int64(202), np.int64(0))",#fdca00,0.3345,"(np.int64(198), np.int64(11), np.int64(47))",#c60b2f,0.3328,"(np.int64(0), np.int64(37), np.int64(99))",#002563,0.3328
Comoros,East Africa,France,1975.0,Arabic/French,Francophone,"(np.int64(0), np.int64(105), np.int64(111))",#00696f,0.4341,"(np.int64(248), np.int64(143), np.int64(26))",#f88f1a,0.3751,"(np.int64(254), np.int64(254), np.int64(254))",#fefefe,0.1908
Democratic Republic of the Congo,Central Africa,Belgium,1960.0,French,Francophone,"(np.int64(0), np.int64(127), np.int64(254))",#007ffe,0.6702,"(np.int64(206), np.int64(16), np.int64(32))",#ce1020,0.2004,"(np.int64(245), np.int64(212), np.int64(25))",#f5d419,0.1295
Republic of the Congo,Central Africa,France,1960.0,French,Francophone,"(np.int64(250), np.int64(221), np.int64(73))",#fadd49,0.3345,"(np.int64(220), np.int64(36), np.int64(30))",#dc241e,0.3328,"(np.int64(0), np.int64(149), np.int64(67))",#009543,0.3328
Djibouti,East Africa,France,1977.0,French/Arabic,Francophone,"(np.int64(25), np.int64(167), np.int64(42))",#19a72a,0.3697,"(np.int64(106), np.int64(177), np.int64(230))",#6ab1e6,0.3565,"(np.int64(254), np.int64(254), np.int64(254))",#fefefe,0.2737
Egypt,North Africa,United Kingdom,1922.0,Arabic,Arabophone,"(np.int64(205), np.int64(23), np.int64(37))",#cd1725,0.3494,"(np.int64(0), np.int64(0), np.int64(0))",#000000,0.3333,"(np.int64(254), np.int64(253), np.int64(252))",#fefdfc,0.3173
Equatorial Guinea,Central Africa,Spain,1968.0,Spanish,Hispanophone,"(np.int64(44), np.int64(142), np.int64(59))",#2c8e3b,0.4386,"(np.int64(226), np.int64(34), np.int64(23))",#e22217,0.3078,"(np.int64(251), np.int64(252), np.int64(252))",#fbfcfc,0.2536
Eritrea,East Africa,Italy,1993.0,Tigrinya,Other,"(np.int64(228), np.int64(2), np.int64(43))",#e4022b,0.4494,"(np.int64(98), np.int64(179), np.int64(42))",#62b32a,0.3006,"(np.int64(65), np.int64(142), np.int64(221))",#418edd,0.25
Eswatini,Southern Africa,United Kingdom,1968.0,English/Swati,Anglophone,"(np.int64(145), np.int64(10), np.int64(10))",#910a0a,0.4037,"(np.int64(62), np.int64(93), np.int64(183))",#3e5db7,0.3933,"(np.int64(251), np.int64(225), np.int64(82))",#fbe152,0.203
Ethiopia,East Africa,,,Amharic,Other,"(np.int64(11), np.int64(115), np.int64(89))",#0b7359,0.4495,"(np.int64(218), np.int64(18), np.int64(26))",#da121a,0.3,"(np.int64(251), np.int64(220), np.int64(9))",#fbdc09,0.2504
Gabon,Central Africa,France,1960.0,French,Francophone,"(np.int64(252), np.int64(209), np.int64(22))",#fcd116,0.3333,"(np.int64(57), np.int64(116), np.int64(195))",#3974c3,0.3333,"(np.int64(0), np.int64(157), np.int64(95))",#009d5f,0.3333
Gambia,West Africa,United Kingdom,1965.0,English,Anglophone,"(np.int64(40), np.int64(83), np.int64(80))",#285350,0.5581,"(np.int64(205), np.int64(17), np.int64(37))",#cd1125,0.3333,"(np.int64(255), np.int64(254), np.int64(255))",#fffeff,0.1085
Ghana,West Africa,United Kingdom,1957.0,English,Anglophone,"(np.int64(0), np.int64(99), np.int64(58))",#00633a,0.3587,"(np.int64(205), np.int64(17), np.int64(37))",#cd1125,0.3338,"(np.int64(251), np.int64(208), np.int64(21))",#fbd015,0.3075
Guinea,West Africa,France,1958.0,French,Francophone,"(np.int64(251), np.int64(208), np.int64(22))",#fbd016,0.3345,"(np.int64(0), np.int64(148), np.int64(95))",#00945f,0.3328,"(np.int64(206), np.int64(16), np.int64(37))",#ce1025,0.3328
Guinea-Bissau,West Africa,Portugal,1974.0,Portuguese,Lusophone,"(np.int64(0), np.int64(150), np.int64(69))",#009645,0.349,"(np.int64(251), np.int64(208), np.int64(22))",#fbd016,0.3336,"(np.int64(205), np.int64(16), np.int64(37))",#cd1025,0.3174
Ivory Coast,West Africa,France,1960.0,French,Francophone,"(np.int64(254), np.int64(254), np.int64(254))",#fefefe,0.3345,"(np.int64(0), np.int64(157), np.int64(95))",#009d5f,0.3328,"(np.int64(247), np.int64(126), np.int64(0))",#f77e00,0.3328
Kenya,East Africa,United Kingdom,1963.0,Swahili/English,Anglophone,"(np.int64(0), np.int64(49), np.int64(0))",#003100,0.5927,"(np.int64(187), np.int64(2), np.int64(2))",#bb0202,0.3009,"(np.int64(253), np.int64(251), np.int64(251))",#fdfbfb,0.1064
Lesotho,Southern Africa,United Kingdom,1966.0,English/Sesotho,Anglophone,"(np.int64(254), np.int64(254), np.int64(254))",#fefefe,0.367,"(np.int64(0), np.int64(18), np.int64(123))",#00127b,0.3327,"(np.int64(0), np.int64(153), np.int64(68))",#009944,0.3003
Liberia,West Africa,United States,1847.0,English,Anglophone,"(np.int64(191), np.int64(11), np.int64(49))",#bf0b31,0.479,"(np.int64(254), np.int64(252), np.int64(252))",#fefcfc,0.4224,"(np.int64(1), np.int64(41), np.int64(104))",#012968,0.0985
Libya,North Africa,Italy,1951.0,Arabic,Arabophone,"(np.int64(0), np.int64(0), np.int64(0))",#000000,0.4878,"(np.int64(44), np.int64(161), np.int64(77))",#2ca14d,0.2604,"(np.int64(229), np.int64(0), np.int64(18))",#e50012,0.2517
Madagascar,East Africa,France,1960.0,Malagasy/French,Francophone,"(np.int64(251), np.int64(61), np.int64(50))",#fb3d32,0.3345,"(np.int64(0), np.int64(126), np.int64(58))",#007e3a,0.3328,"(np.int64(254), np.int64(255), np.int64(254))",#fefffe,0.3328
Malawi,Southern Africa,United Kingdom,1964.0,English,Anglophone,"(np.int64(205), np.int64(16), np.int64(37))",#cd1025,0.3875,"(np.int64(51), np.int64(157), np.int64(52))",#339d34,0.3333,"(np.int64(1), np.int64(0), np.int64(0))",#010000,0.2792
Mali,West Africa,France,1960.0,French,Francophone,"(np.int64(251), np.int64(208), np.int64(22))",#fbd016,0.3345,"(np.int64(205), np.int64(16), np.int64(38))",#cd1026,0.3328,"(np.int64(19), np.int64(181), np.int64(58))",#13b53a,0.3328
Mauritania,West Africa,France,1960.0,Arabic,Arabophone,"(np.int64(1), np.int64(168), np.int64(91))",#01a85b,0.55,"(np.int64(207), np.int64(27), np.int64(30))",#cf1b1e,0.3979,"(np.int64(253), np.int64(214), np.int64(0))",#fdd600,0.0521
Mauritius,East Africa,United Kingdom,1968.0,English,Anglophone,"(np.int64(13), np.int64(98), np.int64(94))",#0d625e,0.4987,"(np.int64(232), np.int64(40), np.int64(57))",#e82839,0.2532,"(np.int64(255), np.int64(213), np.int64(0))",#ffd500,0.2481
Morocco,North Africa,France/Spain,1956.0,Arabic,Arabophone,"(np.int64(192), np.int64(39), np.int64(45))",#c0272d,0.969,"(np.int64(2), np.int64(97), np.int64(50))",#026132,0.0292,"(np.int64(97), np.int64(67), np.int64(47))",#61432f,0.0018
Mozambique,Southern Africa,Portugal,1975.0,Portuguese,Lusophone,"(np.int64(0), np.int64(63), np.int64(58))",#003f3a,0.4828,"(np.int64(252), np.int64(228), np.int64(38))",#fce426,0.338,"(np.int64(209), np.int64(16), np.int64(51))",#d11033,0.1792
Namibia,Southern Africa,Germany/South Africa,1990.0,English,Anglophone,"(np.int64(0), np.int64(103), np.int64(96))",#006760,0.6107,"(np.int64(213), np.int64(33), np.int64(47))",#d5212f,0.3065,"(np.int64(252), np.int64(251), np.int64(252))",#fcfbfc,0.0828
Niger,West Africa,France,1960.0,French,Francophone,"(np.int64(224), np.int64(82), np.int64(6))",#e05206,0.3878,"(np.int64(13), np.int64(176), np.int64(43))",#0db02b,0.334,"(np.int64(254), np.int64(254), np.int64(254))",#fefefe,0.2782
Nigeria,West Africa,United Kingdom,1960.0,English,Anglophone,"(np.int64(0), np.int64(135), np.int64(81))",#008751,0.6655,"(np.int64(255), np.int64(255), np.int64(255))",#ffffff,0.331,"(np.int64(170), np.int64(215), np.int64(197))",#aad7c5,0.0034
Rwanda,East Africa,Belgium/Germany,1962.0,Kinyarwanda/French/English,Francophone,"(np.int64(0), np.int64(163), np.int64(223))",#00a3df,0.4822,"(np.int64(248), np.int64(208), np.int64(1))",#f8d001,0.2625,"(np.int64(34), np.int64(97), np.int64(61))",#22613d,0.2553
Sao Tome and Principe,Central Africa,Portugal,1975.0,Portuguese,Lusophone,"(np.int64(0), np.int64(142), np.int64(53))",#008e35,0.5632,"(np.int64(254), np.int64(208), np.int64(0))",#fed000,0.3097,"(np.int64(237), np.int64(52), np.int64(63))",#ed343f,0.1271
Senegal,West Africa,France,1960.0,French,Francophone,"(np.int64(0), np.int64(133), np.int64(62))",#00853e,0.3537,"(np.int64(226), np.int64(26), np.int64(34))",#e21a22,0.3328,"(np.int64(252), np.int64(238), np.int64(65))",#fcee41,0.3136
Seychelles,East Africa,United Kingdom,1976.0,English/French/Creole,Francophone,"(np.int64(210), np.int64(39), np.int64(48))",#d22730,0.3339,"(np.int64(253), np.int64(231), np.int64(159))",#fde79f,0.3332,"(np.int64(0), np.int64(84), np.int64(79))",#00544f,0.3328
Sierra Leone,West Africa,United Kingdom,1961.0,English,Anglophone,"(np.int64(255), np.int64(254), np.int64(254))",#fffefe,0.3333,"(np.int64(0), np.int64(113), np.int64(198))",#0071c6,0.3333,"(np.int64(30), np.int64(181), np.int64(58))",#1eb53a,0.3333
Somalia,East Africa,Italy/United Kingdom,1960.0,Somali/Arabic,Arabophone,"(np.int64(65), np.int64(143), np.int64(222))",#418fde,0.9554,"(np.int64(254), np.int64(254), np.int64(254))",#fefefe,0.043,"(np.int64(123), np.int64(177), np.int64(233))",#7bb1e9,0.0016
South Africa,Southern Africa,United Kingdom/Netherlands,1910.0,Multiple,Other,"(np.int64(0), np.int64(67), np.int64(84))",#004354,0.6115,"(np.int64(229), np.int64(85), np.int64(44))",#e5552c,0.2661,"(np.int64(252), np.int64(253), np.int64(253))",#fcfdfd,0.1224
South Sudan,East Africa,United Kingdom/Egypt,2011.0,English,Anglophone,"(np.int64(0), np.int64(72), np.int64(38))",#004826,0.5169,"(np.int64(70), np.int64(200), np.int64(243))",#46c8f3,0.2782,"(np.int64(227), np.int64(47), np.int64(40))",#e32f28,0.2049
Sudan,East Africa,United Kingdom/Egypt,1956.0,Arabic/English,Anglophone,"(np.int64(0), np.int64(41), np.int64(15))",#00290f,0.4639,"(np.int64(210), np.int64(16), np.int64(52))",#d21034,0.2972,"(np.int64(254), np.int64(254), np.int64(254))",#fefefe,0.239
Tanzania,East Africa,Germany/United Kingdom,1961.0,Swahili/English,Anglophone,"(np.int64(94), np.int64(188), np.int64(47))",#5ebc2f,0.4115,"(np.int64(0), np.int64(0), np.int64(0))",#000000,0.2984,"(np.int64(0), np.int64(163), np.int64(220))",#00a3dc,0.2901
Togo,West Africa,France/Germany,1960.0,French,Francophone,"(np.int64(0), np.int64(106), np.int64(77))",#006a4d,0.4497,"(np.int64(253), np.int64(208), np.int64(18))",#fdd012,0.3532,"(np.int64(209), np.int64(16), np.int64(52))",#d11034,0.1971
Tunisia,North Africa,France,1956.0,Arabic,Arabophone,"(np.int64(231), np.int64(0), np.int64(19))",#e70013,0.9042,"(np.int64(254), np.int64(254), np.int64(254))",#fefefe,0.0924,"(np.int64(241), np.int64(108), np.int64(119))",#f16c77,0.0034
Uganda,East Africa,United Kingdom,1962.0,English/Swahili,Anglophone,"(np.int64(251), np.int64(223), np.int64(30))",#fbdf1e,0.372,"(np.int64(215), np.int64(1), np.int64(0))",#d70100,0.3155,"(np.int64(0), np.int64(0), np.int64(0))",#000000,0.3126
Zambia,Southern Africa,United Kingdom,1964.0,English,Anglophone,"(np.int64(25), np.int64(137), np.int64(0))",#198900,0.7495,"(np.int64(229), np.int64(82), np.int64(7))",#e55207,0.1719,"(np.int64(1), np.int64(1), np.int64(0))",#010100,0.0786
Zimbabwe,Southern Africa,United Kingdom,1980.0,Multiple,Other,"(np.int64(232), np.int64(110), np.int64(0))",#e86e00,0.4799,"(np.int64(1), np.int64(69), np.int64(0))",#014500,0.384,"(np.int64(254), np.int64(254), np.int64(254))",#fefefe,0.1361
